season,team,abbreviation,age,w,l,d_rtg,pace,opp_e_fg_percent,opp_tov_percent,opp_ft_fga,drb_per_game,stl_per_game,blk_per_game,pf_per_game,opp_fg_per_game,opp_fg_percent,opp_x3p_per_game,opp_x3p_percent,opp_x2p_per_game,opp_x2p_percent,opp_ft_per_game,opp_fta_per_game,opp_orb_per_game,opp_ast_per_game,opp_tov_per_game,opp_pts_per_game
2003,Atlanta Hawks,ATL,27.2,35.0,47.0,106.1,91.0,0.469,12.1,0.222,31.2,7.5,5.8,21.7,36.8,0.437,5.4,0.359,31.3,0.454,18.7,24.5,13.1,21.6,13.0,97.6
2003,Boston Celtics,BOS,26.9,44.0,38.0,101.6,90.9,0.471,15.1,0.242,30.1,8.8,3.7,21.4,34.2,0.435,5.6,0.331,28.5,0.464,19.0,25.4,11.4,22.2,16.0,93.1
2003,Chicago Bulls,CHI,25.2,30.0,52.0,105.6,93.5,0.47,13.3,0.263,31.0,7.4,5.6,24.7,36.5,0.439,5.3,0.323,31.2,0.467,21.9,29.2,13.6,23.8,14.7,100.1
2003,Cleveland Cavaliers,CLE,23.5,17.0,65.0,106.7,94.0,0.484,13.0,0.252,31.0,7.8,6.4,22.7,37.5,0.453,5.2,0.358,32.2,0.473,20.9,27.1,11.4,24.0,14.2,101.0
2003,Dallas Mavericks,DAL,28.1,60.0,22.0,102.3,92.5,0.473,14.8,0.221,31.0,8.1,5.5,21.1,35.7,0.438,5.8,0.34,29.9,0.463,18.0,24.8,12.7,21.7,16.0,95.2
2003,Denver Nuggets,DEN,24.1,17.0,65.0,101.3,91.0,0.477,16.5,0.29,28.8,8.7,5.1,25.1,32.9,0.443,5.1,0.37,27.8,0.46,21.6,28.5,10.5,21.5,17.1,92.4
2003,Detroit Pistons,DET,29.0,50.0,32.0,99.9,86.8,0.461,13.9,0.225,29.8,6.8,5.7,21.3,33.5,0.438,3.5,0.344,29.9,0.452,17.2,23.1,10.5,18.3,14.0,87.7
2003,Golden State Warriors,GSW,24.4,38.0,44.0,109.5,94.2,0.482,12.2,0.22,31.0,7.2,6.2,21.8,39.5,0.452,5.3,0.372,34.2,0.467,19.2,25.4,14.7,23.6,13.7,103.6
2003,Houston Rockets,HOU,25.9,43.0,39.0,102.6,88.8,0.462,12.6,0.209,31.3,7.2,6.0,19.5,35.3,0.433,4.7,0.347,30.5,0.45,17.1,22.0,11.9,20.5,13.2,92.3
2003,Indiana Pacers,IND,25.9,48.0,34.0,100.8,91.6,0.458,14.3,0.228,32.0,8.5,5.4,22.1,34.9,0.428,5.0,0.34,29.9,0.447,18.6,24.3,12.3,20.7,15.3,93.3
2003,League Average,,27.2,,,103.6,91.0,0.474,14.0,0.229,30.3,7.9,5.0,21.8,35.7,0.442,5.1,0.349,30.6,0.463,18.5,24.4,12.0,21.5,14.9,95.1
2003,Los Angeles Clippers,LAC,25.3,27.0,55.0,106.8,91.3,0.481,13.1,0.222,30.0,7.0,5.6,21.8,37.0,0.447,5.5,0.365,31.5,0.466,18.4,23.7,12.8,22.4,14.0,97.9
2003,Los Angeles Lakers,LAL,28.1,50.0,32.0,104.7,92.5,0.477,13.4,0.241,31.1,7.8,5.7,22.9,36.3,0.443,5.7,0.38,30.6,0.456,19.8,26.0,11.7,21.4,14.5,98.0
2003,Memphis Grizzlies,MEM,24.9,28.0,54.0,107.3,92.7,0.491,13.4,0.197,30.1,7.9,6.1,20.5,39.3,0.46,5.3,0.363,34.1,0.48,16.8,22.2,13.7,24.3,14.8,100.7
2003,Miami Heat,MIA,26.5,25.0,57.0,102.4,87.8,0.47,14.1,0.257,30.0,7.2,4.0,22.6,33.1,0.437,5.0,0.353,28.1,0.456,19.5,26.0,10.6,18.1,14.3,90.6
2003,Milwaukee Bucks,MIL,29.3,42.0,40.0,108.6,90.4,0.494,13.5,0.237,28.9,7.6,4.2,22.2,37.1,0.458,5.8,0.375,31.3,0.478,19.2,25.8,12.5,23.1,14.4,99.3
2003,Minnesota Timberwolves,MIN,28.2,51.0,31.0,103.8,91.9,0.472,12.7,0.203,31.9,6.7,5.3,20.8,36.6,0.437,5.8,0.347,30.9,0.46,17.0,22.6,11.9,22.8,13.6,96.0
2003,New Jersey Nets,NJN,27.3,49.0,33.0,98.1,91.6,0.46,15.7,0.225,30.8,8.7,4.6,21.6,33.6,0.427,5.2,0.359,28.4,0.442,17.7,23.7,11.4,19.6,16.6,90.1
2003,New Orleans Hornets,NOH,29.1,47.0,35.0,101.6,89.4,0.464,14.0,0.226,30.2,8.0,4.8,21.6,34.8,0.438,4.1,0.338,30.7,0.457,18.0,23.5,11.1,19.9,14.6,91.8
2003,New York Knicks,NYK,30.2,37.0,45.0,106.2,90.7,0.485,13.7,0.261,29.0,7.1,3.1,23.0,36.1,0.457,4.4,0.34,31.7,0.48,20.6,26.7,11.4,21.1,14.4,97.2
2003,Orlando Magic,ORL,26.9,42.0,40.0,105.0,93.1,0.486,15.1,0.25,29.2,8.5,3.7,23.0,36.7,0.455,4.9,0.334,31.7,0.483,20.1,26.2,11.8,22.4,16.4,98.4
2003,Philadelphia 76ers,PHI,28.3,48.0,34.0,102.5,91.4,0.488,16.2,0.243,29.5,10.3,3.5,22.0,35.1,0.452,5.5,0.354,29.5,0.476,18.9,24.8,11.1,22.1,17.1,94.5
2003,Phoenix Suns,PHO,25.2,44.0,38.0,102.5,91.5,0.47,14.8,0.222,29.8,8.1,4.9,22.0,35.5,0.438,5.3,0.32,30.2,0.468,18.0,23.6,12.6,22.2,16.0,94.4
2003,Portland Trail Blazers,POR,29.2,50.0,32.0,102.6,89.4,0.483,14.9,0.194,29.0,8.8,3.9,19.9,35.9,0.45,5.3,0.341,30.5,0.476,15.5,20.2,11.1,22.7,15.5,92.5
2003,Sacramento Kings,SAC,28.3,59.0,23.0,99.1,95.4,0.446,13.6,0.204,33.5,9.0,5.6,20.3,36.5,0.42,4.5,0.32,31.9,0.439,17.7,23.9,14.0,21.5,15.4,95.2
2003,San Antonio Spurs,SAS,28.4,60.0,22.0,99.7,90.0,0.453,14.2,0.199,31.2,7.7,6.5,20.4,34.9,0.427,4.3,0.339,30.6,0.443,16.3,21.2,12.5,19.0,15.0,90.4
2003,Seattle SuperSonics,SEA,26.9,40.0,42.0,103.9,88.0,0.484,14.3,0.21,29.1,8.3,3.6,20.9,35.0,0.447,5.8,0.344,29.3,0.475,16.5,22.2,11.4,20.8,14.7,92.3
2003,Toronto Raptors,TOR,27.6,24.0,58.0,107.0,89.9,0.489,13.1,0.226,28.7,7.4,4.8,21.5,37.0,0.461,4.5,0.375,32.5,0.476,18.2,24.0,11.9,21.1,13.7,96.8
2003,Utah Jazz,UTA,30.9,47.0,35.0,102.8,89.3,0.468,15.2,0.256,29.0,8.6,5.7,22.4,33.5,0.434,5.3,0.349,28.2,0.454,19.8,26.1,12.3,19.5,15.9,92.3
2003,Washington Wizards,WAS,28.4,37.0,45.0,104.1,88.2,0.477,13.8,0.212,29.2,7.6,4.8,20.0,35.1,0.442,5.5,0.362,29.6,0.461,16.9,21.9,11.6,21.7,14.3,92.5
2004,Atlanta Hawks,ATL,26.2,28.0,54.0,106.1,90.8,0.476,13.1,0.234,30.6,7.6,5.0,22.3,36.2,0.44,5.9,0.358,30.3,0.461,19.2,25.3,12.8,22.0,14.0,97.5
2004,Boston Celtics,BOS,26.4,36.0,46.0,103.7,93.2,0.479,15.7,0.24,29.8,9.4,4.0,22.4,35.3,0.437,6.8,0.362,28.5,0.459,19.4,26.3,13.0,23.0,17.1,96.7
2004,Chicago Bulls,CHI,26.8,23.0,59.0,103.4,92.2,0.469,14.1,0.253,30.7,8.0,4.8,23.3,35.1,0.436,5.4,0.355,29.8,0.454,20.4,27.3,12.3,23.0,15.2,96.0
2004,Cleveland Cavaliers,CLE,24.9,35.0,47.0,104.2,90.8,0.469,12.3,0.221,31.9,7.1,6.5,21.3,36.0,0.437,5.3,0.371,30.8,0.451,18.2,24.3,11.8,21.7,13.1,95.5
2004,Dallas Mavericks,DAL,27.4,52.0,30.0,107.4,93.2,0.498,13.9,0.214,31.0,8.0,5.3,19.6,38.2,0.459,6.5,0.363,31.7,0.486,17.8,23.9,12.3,23.6,15.1,100.8
2004,Denver Nuggets,DEN,25.6,43.0,39.0,102.7,93.3,0.481,15.6,0.221,29.1,9.1,6.3,22.0,36.8,0.453,4.6,0.356,32.2,0.471,17.9,24.6,12.9,23.5,17.1,96.1
2004,Detroit Pistons,DET,27.4,54.0,28.0,95.4,87.9,0.441,15.5,0.202,30.4,8.0,7.0,20.3,32.1,0.413,4.3,0.302,27.8,0.438,15.7,21.1,12.0,19.0,16.0,84.3
2004,Golden State Warriors,GSW,28.1,37.0,45.0,103.8,89.8,0.476,13.3,0.211,30.9,7.0,4.7,20.6,36.0,0.445,5.0,0.374,30.9,0.459,17.1,22.9,12.0,21.5,14.0,94.0
2004,Houston Rockets,HOU,28.3,45.0,37.0,99.0,87.8,0.447,13.1,0.233,32.3,6.8,5.4,21.5,32.1,0.412,5.6,0.372,26.6,0.421,18.2,24.7,11.1,20.6,13.5,88.0
2004,Indiana Pacers,IND,27.1,61.0,21.0,97.2,87.5,0.459,15.7,0.218,29.9,8.9,5.0,20.8,32.6,0.432,4.0,0.324,28.6,0.453,16.5,22.0,10.6,20.1,15.9,85.6
2004,League Average,,27.2,,,102.9,90.1,0.471,14.2,0.228,30.1,7.9,5.1,21.4,35.0,0.439,5.2,0.347,29.8,0.46,18.2,24.2,12.1,21.3,15.0,93.4
2004,Los Angeles Clippers,LAC,24.3,28.0,54.0,108.5,91.0,0.494,12.9,0.231,29.5,7.2,4.6,22.1,37.5,0.46,5.5,0.36,32.0,0.483,18.8,25.4,12.6,22.9,13.7,99.4
2004,Los Angeles Lakers,LAL,29.8,56.0,26.0,101.3,92.3,0.471,14.3,0.222,30.9,8.3,4.6,21.1,35.6,0.44,5.1,0.337,30.5,0.464,18.0,24.0,11.2,20.8,15.3,94.3
2004,Memphis Grizzlies,MEM,26.0,50.0,32.0,102.2,91.4,0.465,15.7,0.251,29.0,9.7,6.9,23.2,34.9,0.436,4.5,0.338,30.4,0.456,20.0,26.2,13.4,20.4,17.0,94.3
2004,Miami Heat,MIA,26.4,42.0,40.0,101.7,88.0,0.463,14.5,0.26,30.0,7.2,3.8,22.1,32.4,0.428,5.3,0.343,27.2,0.45,19.7,25.6,10.9,18.6,14.7,89.7
2004,Milwaukee Bucks,MIL,26.5,41.0,41.0,105.4,91.6,0.485,13.3,0.213,30.5,6.8,4.7,20.3,37.0,0.452,5.6,0.352,31.4,0.475,17.4,23.6,12.0,22.8,14.2,97.0
2004,Minnesota Timberwolves,MIN,29.7,58.0,24.0,99.7,89.0,0.444,12.9,0.215,32.3,6.8,5.6,21.1,33.4,0.414,4.8,0.334,28.6,0.431,17.4,23.1,12.2,20.7,13.5,89.1
2004,New Jersey Nets,NJN,27.7,47.0,35.0,98.0,89.4,0.46,15.7,0.221,30.2,8.6,3.9,21.0,32.8,0.427,5.1,0.35,27.7,0.445,17.0,22.3,10.6,19.8,16.1,87.8
2004,New Orleans Hornets,NOH,30.3,41.0,41.0,102.4,89.1,0.476,15.0,0.218,29.5,8.6,4.2,20.9,34.7,0.441,5.4,0.341,29.3,0.467,17.2,22.9,11.9,21.8,15.6,91.9
2004,New York Knicks,NYK,29.6,39.0,43.0,103.3,89.5,0.461,13.2,0.259,31.0,7.4,4.8,23.1,34.0,0.429,5.1,0.338,28.9,0.45,20.5,26.8,11.6,20.4,13.8,93.5
2004,Orlando Magic,ORL,25.8,21.0,61.0,110.4,90.8,0.502,12.7,0.214,28.7,6.7,3.8,21.3,38.6,0.466,6.0,0.377,32.7,0.487,17.8,24.0,13.1,24.4,13.5,101.1
2004,Philadelphia 76ers,PHI,27.5,33.0,49.0,101.9,88.0,0.467,14.7,0.231,29.4,8.0,4.4,20.7,33.5,0.432,5.4,0.333,28.1,0.458,18.0,24.2,12.1,21.3,15.2,90.5
2004,Phoenix Suns,PHO,24.4,29.0,53.0,105.5,92.6,0.482,14.7,0.24,29.3,9.0,4.7,22.7,36.3,0.446,5.8,0.349,30.4,0.471,19.5,25.5,12.7,21.5,15.9,97.9
2004,Portland Trail Blazers,POR,27.6,41.0,41.0,105.1,86.2,0.482,13.3,0.186,29.0,7.5,5.4,19.0,36.0,0.45,5.1,0.341,30.9,0.475,14.9,19.7,12.4,23.3,13.7,92.0
2004,Sacramento Kings,SAC,29.3,55.0,27.0,104.9,92.8,0.483,13.7,0.193,30.4,8.7,4.0,19.3,38.3,0.454,5.0,0.339,33.3,0.478,16.3,21.7,13.2,21.3,14.9,97.8
2004,San Antonio Spurs,SAS,27.3,57.0,25.0,94.1,89.2,0.433,14.8,0.215,32.5,8.1,6.5,20.3,31.9,0.409,3.8,0.327,28.1,0.423,16.7,22.5,11.1,17.3,15.3,84.3
2004,Seattle SuperSonics,SEA,26.0,37.0,45.0,108.0,89.9,0.487,13.9,0.237,28.3,8.1,4.7,21.8,36.3,0.45,5.9,0.349,30.4,0.477,19.1,24.7,13.0,21.1,14.8,97.8
2004,Toronto Raptors,TOR,27.6,33.0,49.0,100.4,86.8,0.449,14.1,0.241,29.5,7.4,4.9,21.3,33.2,0.428,3.3,0.307,29.9,0.447,18.7,25.1,12.6,18.5,14.6,88.5
2004,Utah Jazz,UTA,24.9,42.0,40.0,103.3,86.6,0.468,15.4,0.319,27.7,7.1,6.0,25.6,31.0,0.432,5.1,0.343,25.9,0.455,22.9,29.6,10.6,18.6,15.4,89.9
2004,Washington Wizards,WAS,24.4,25.0,57.0,104.8,92.2,0.486,14.9,0.214,29.2,8.9,5.0,20.9,37.3,0.454,5.2,0.342,32.2,0.479,17.6,22.9,12.8,24.0,16.1,97.4
2005,Atlanta Hawks,ATL,26.0,13.0,69.0,111.1,91.4,0.513,14.0,0.289,28.5,7.7,4.2,24.5,37.1,0.476,5.7,0.379,31.4,0.5,22.5,29.2,11.0,22.0,14.8,102.5
2005,Boston Celtics,BOS,27.1,45.0,37.0,106.6,93.3,0.481,14.2,0.274,29.7,8.1,5.2,24.4,36.1,0.444,6.0,0.356,30.1,0.467,22.3,29.5,12.7,22.7,15.6,100.4
2005,Charlotte Bobcats,CHA,24.9,18.0,64.0,107.5,92.3,0.497,14.7,0.269,28.5,8.5,5.4,23.1,36.8,0.463,5.4,0.361,31.4,0.487,21.3,27.8,11.7,21.6,15.8,100.2
2005,Chicago Bulls,CHI,25.0,47.0,35.0,100.3,92.4,0.454,14.4,0.262,31.6,7.0,4.5,24.7,33.7,0.422,5.1,0.334,28.6,0.443,20.9,28.1,11.9,20.9,15.5,93.4
2005,Cleveland Cavaliers,CLE,26.5,42.0,40.0,105.7,89.7,0.485,14.1,0.248,28.7,8.0,5.6,22.6,35.5,0.452,5.1,0.376,30.4,0.468,19.5,26.0,11.4,21.2,14.8,95.7
2005,Dallas Mavericks,DAL,27.7,58.0,24.0,104.1,92.7,0.472,14.3,0.239,30.9,8.6,5.6,22.3,35.9,0.438,5.5,0.33,30.4,0.466,19.5,25.9,13.1,20.9,15.6,96.8
2005,Denver Nuggets,DEN,26.7,49.0,33.0,103.9,93.5,0.482,15.1,0.247,30.2,9.1,6.0,22.9,36.0,0.447,5.6,0.345,30.3,0.472,19.9,26.7,11.9,21.7,16.4,97.5
2005,Detroit Pistons,DET,27.9,54.0,28.0,101.2,87.2,0.461,13.5,0.207,30.6,7.0,6.1,20.0,34.0,0.43,5.0,0.338,29.0,0.451,16.4,21.8,11.3,19.7,13.8,89.5
2005,Golden State Warriors,GSW,26.7,34.0,48.0,106.9,93.3,0.491,13.9,0.227,29.7,7.8,5.1,22.4,38.2,0.458,5.5,0.363,32.7,0.479,19.0,25.5,12.9,22.7,15.3,100.9
2005,Houston Rockets,HOU,29.7,51.0,31.0,101.7,88.8,0.459,12.9,0.245,31.7,6.9,4.6,22.0,33.2,0.423,5.5,0.338,27.6,0.446,19.2,25.8,10.9,20.7,13.3,91.0
2005,Indiana Pacers,IND,28.3,44.0,38.0,104.6,87.2,0.472,13.6,0.261,29.5,7.5,4.4,23.0,33.8,0.44,4.8,0.365,29.0,0.456,20.0,26.9,11.9,18.8,13.9,92.2
2005,League Average,,27.1,,,106.1,90.9,0.482,13.6,0.245,29.8,7.5,4.9,22.6,35.9,0.447,5.6,0.356,30.3,0.47,19.7,26.1,12.0,21.3,14.5,97.2
2005,Los Angeles Clippers,LAC,25.5,37.0,45.0,106.4,89.1,0.48,13.0,0.235,29.9,7.3,5.1,22.2,35.8,0.444,5.9,0.368,29.9,0.462,19.0,24.9,12.0,21.1,13.7,96.5
2005,Los Angeles Lakers,LAL,26.0,34.0,48.0,111.4,90.8,0.493,11.0,0.218,30.6,6.2,4.2,21.9,38.3,0.453,6.7,0.361,31.6,0.479,18.4,23.5,12.5,24.4,11.8,101.7
2005,Memphis Grizzlies,MEM,26.3,45.0,37.0,102.9,88.5,0.466,15.4,0.27,28.1,8.5,5.8,23.3,32.7,0.432,5.2,0.351,27.5,0.452,20.5,26.6,12.1,19.9,15.9,91.1
2005,Miami Heat,MIA,28.0,59.0,23.0,103.1,90.8,0.46,12.4,0.242,32.2,6.4,5.8,22.1,34.9,0.427,5.4,0.348,29.6,0.446,19.8,26.0,11.2,19.8,13.2,95.0
2005,Milwaukee Bucks,MIL,26.9,30.0,52.0,109.8,90.8,0.499,12.4,0.233,29.3,6.5,3.5,21.9,37.8,0.464,5.6,0.343,32.1,0.494,19.0,24.7,11.4,23.8,13.0,100.2
2005,Minnesota Timberwolves,MIN,29.0,44.0,38.0,106.6,89.1,0.472,11.2,0.208,31.5,5.6,5.5,21.6,36.2,0.438,5.7,0.363,30.5,0.456,17.2,22.9,12.6,21.7,11.7,95.3
2005,New Jersey Nets,NJN,27.8,42.0,40.0,103.1,89.1,0.479,15.2,0.278,29.1,7.9,3.8,24.2,33.0,0.439,5.9,0.368,27.1,0.459,20.9,28.1,10.7,20.3,15.6,92.9
2005,New Orleans Hornets,NOH,27.5,18.0,64.0,107.7,87.6,0.491,13.9,0.261,27.8,6.7,3.8,23.0,34.7,0.452,6.0,0.367,28.7,0.475,20.0,25.9,11.5,21.2,14.2,95.5
2005,New York Knicks,NYK,27.3,33.0,49.0,108.9,90.7,0.501,13.8,0.265,29.2,7.7,3.2,23.7,36.6,0.465,5.7,0.364,30.9,0.49,20.9,27.6,11.8,20.7,14.6,99.7
2005,Orlando Magic,ORL,26.5,36.0,46.0,107.3,94.7,0.484,13.2,0.255,31.0,7.7,5.4,23.6,37.6,0.451,5.4,0.343,32.2,0.477,21.2,28.1,12.5,21.3,14.5,101.8
2005,Philadelphia 76ers,PHI,26.4,43.0,39.0,104.3,94.9,0.485,15.4,0.267,30.9,9.2,3.9,22.9,35.7,0.443,6.9,0.362,28.8,0.468,21.5,28.0,11.6,22.9,17.0,99.9
2005,Phoenix Suns,PHO,25.2,62.0,20.0,107.1,95.9,0.478,12.0,0.176,32.3,7.0,5.5,19.1,40.6,0.445,6.0,0.335,34.6,0.472,16.1,21.6,15.0,21.2,13.8,103.3
2005,Portland Trail Blazers,POR,27.0,27.0,55.0,107.7,89.8,0.479,12.6,0.204,29.3,7.1,6.6,20.8,37.3,0.447,5.4,0.343,31.9,0.471,17.0,22.6,14.0,23.5,13.4,96.9
2005,Sacramento Kings,SAC,27.7,50.0,32.0,108.2,93.0,0.493,13.3,0.214,29.9,8.2,3.9,20.5,38.9,0.459,5.7,0.357,33.1,0.483,18.1,24.5,13.4,21.5,14.7,101.6
2005,San Antonio Spurs,SAS,28.5,59.0,23.0,98.8,88.9,0.452,14.7,0.236,30.4,7.5,6.6,20.9,33.1,0.426,3.9,0.367,29.1,0.436,18.3,23.8,10.9,16.9,15.1,88.4
2005,Seattle SuperSonics,SEA,26.0,52.0,30.0,109.6,87.9,0.496,12.9,0.249,28.2,6.7,4.1,23.7,35.8,0.459,5.7,0.357,30.0,0.486,19.4,25.9,11.3,20.7,13.2,96.6
2005,Toronto Raptors,TOR,27.0,33.0,49.0,108.7,92.7,0.499,13.4,0.24,29.8,7.6,3.9,22.9,38.2,0.467,5.3,0.356,32.9,0.492,19.6,26.4,12.1,22.1,14.4,101.4
2005,Utah Jazz,UTA,25.7,26.0,56.0,109.5,88.4,0.499,14.2,0.34,27.4,6.6,4.6,26.7,33.3,0.458,5.9,0.375,27.4,0.481,24.7,32.4,10.5,19.4,14.4,97.3
2005,Washington Wizards,WAS,25.3,45.0,37.0,107.5,93.3,0.498,14.6,0.23,29.0,8.7,4.2,22.0,37.8,0.459,6.4,0.364,31.4,0.485,18.9,24.8,12.4,23.0,15.9,100.8
2006,Atlanta Hawks,ATL,22.7,26.0,56.0,111.6,90.4,0.513,14.1,0.275,27.2,7.2,4.8,25.0,37.5,0.478,5.4,0.368,32.1,0.503,21.6,28.9,12.0,20.6,15.0,102.0
2006,Boston Celtics,BOS,25.3,33.0,49.0,106.9,92.2,0.49,13.8,0.282,29.7,7.0,5.1,24.8,35.9,0.456,5.4,0.353,30.5,0.481,22.3,30.0,11.1,21.5,14.8,99.5
2006,Charlotte Bobcats,CHA,25.2,26.0,56.0,106.7,93.4,0.514,16.5,0.263,27.7,10.0,4.3,23.9,37.4,0.478,5.6,0.356,31.8,0.509,20.5,27.8,11.5,22.9,17.9,100.9
2006,Chicago Bulls,CHI,24.1,41.0,41.0,103.4,92.9,0.464,13.9,0.295,31.7,6.2,4.2,24.9,33.8,0.426,6.1,0.351,27.7,0.447,23.4,30.1,10.7,20.1,15.0,97.2
2006,Cleveland Cavaliers,CLE,27.1,50.0,32.0,105.4,89.8,0.49,12.8,0.226,30.6,6.9,4.8,21.1,36.0,0.455,5.6,0.356,30.4,0.48,17.8,24.0,9.8,20.3,13.2,95.4
2006,Dallas Mavericks,DAL,27.5,60.0,22.0,105.0,87.8,0.475,13.7,0.257,29.6,7.2,6.0,22.4,34.2,0.443,4.9,0.361,29.2,0.461,19.8,26.4,11.4,17.5,14.0,93.1
2006,Denver Nuggets,DEN,27.4,44.0,38.0,105.2,93.9,0.493,14.7,0.227,30.3,8.5,5.6,22.7,37.4,0.454,6.5,0.358,31.0,0.481,18.8,25.5,11.8,23.9,16.1,100.1
2006,Detroit Pistons,DET,28.5,64.0,18.0,103.1,86.8,0.477,13.7,0.191,28.6,7.1,6.0,18.5,35.5,0.452,4.0,0.325,31.5,0.476,15.1,20.5,11.6,18.8,14.0,90.2
2006,Golden State Warriors,GSW,25.6,34.0,48.0,106.2,93.3,0.492,14.1,0.243,30.3,7.4,4.4,23.7,37.2,0.457,5.7,0.351,31.4,0.483,19.8,26.7,12.0,22.3,15.3,99.8
2006,Houston Rockets,HOU,28.8,34.0,48.0,103.3,88.0,0.472,13.1,0.247,31.3,7.2,3.9,22.7,33.0,0.429,6.6,0.369,26.4,0.447,19.0,26.0,10.7,20.1,13.3,91.7
2006,Indiana Pacers,IND,27.3,41.0,41.0,102.4,89.7,0.464,13.0,0.232,31.2,7.3,5.0,22.2,34.5,0.435,4.5,0.343,30.0,0.454,18.4,25.1,11.8,18.5,13.6,92.0
2006,League Average,,26.6,,,106.2,90.5,0.49,13.7,0.248,29.8,7.2,4.7,22.8,35.8,0.454,5.7,0.358,30.1,0.478,19.6,26.3,11.2,20.6,14.4,97.0
2006,Los Angeles Clippers,LAC,26.8,47.0,35.0,103.6,91.7,0.471,12.2,0.24,33.0,6.5,6.1,22.8,35.2,0.435,5.8,0.347,29.4,0.458,19.4,26.5,10.5,21.5,12.8,95.6
2006,Los Angeles Lakers,LAL,25.1,45.0,37.0,105.7,90.9,0.486,13.4,0.242,30.3,7.7,4.3,23.1,35.9,0.45,5.8,0.353,30.1,0.475,19.3,25.9,10.9,21.1,14.1,96.9
2006,Memphis Grizzlies,MEM,28.1,49.0,33.0,101.6,86.3,0.469,14.7,0.237,29.0,7.3,5.4,21.4,32.8,0.436,5.0,0.334,27.8,0.461,17.9,23.7,11.3,19.6,14.8,88.5
2006,Miami Heat,MIA,29.2,52.0,30.0,104.5,91.6,0.477,12.4,0.251,32.6,6.4,5.4,22.8,35.0,0.44,6.0,0.361,29.0,0.461,20.0,27.1,10.1,19.5,13.0,96.0
2006,Milwaukee Bucks,MIL,25.5,40.0,42.0,107.4,91.2,0.504,13.8,0.262,29.9,7.3,3.3,23.2,36.2,0.466,6.0,0.354,30.3,0.497,20.4,27.3,10.1,22.5,14.4,98.8
2006,Minnesota Timberwolves,MIN,26.7,33.0,49.0,104.5,88.8,0.475,13.4,0.236,29.5,6.8,5.7,23.0,34.8,0.441,5.5,0.364,29.3,0.459,18.6,25.3,11.9,19.0,13.9,93.6
2006,New Jersey Nets,NJN,28.6,49.0,33.0,102.4,89.8,0.476,14.0,0.266,31.0,6.8,3.4,23.2,33.3,0.439,5.7,0.348,27.6,0.464,20.2,27.2,9.6,20.0,14.4,92.4
2006,New Orleans/Oklahoma City Hornets,NOK,26.3,38.0,44.0,106.8,89.0,0.502,14.3,0.243,29.0,7.5,3.8,21.8,35.2,0.459,6.7,0.367,28.5,0.487,18.7,24.6,10.5,19.3,14.6,95.6
2006,New York Knicks,NYK,25.6,23.0,59.0,111.0,90.8,0.511,13.4,0.294,28.8,6.8,3.3,26.3,36.2,0.467,6.9,0.378,29.3,0.494,22.8,30.2,10.8,21.3,14.1,102.0
2006,Orlando Magic,ORL,25.5,36.0,46.0,107.5,88.3,0.49,13.0,0.264,29.3,6.5,4.4,23.3,35.0,0.454,5.6,0.357,29.4,0.478,20.4,27.9,11.1,20.0,13.4,96.0
2006,Philadelphia 76ers,PHI,26.5,38.0,44.0,108.1,92.7,0.5,14.3,0.24,29.6,7.9,4.9,20.9,37.8,0.463,6.1,0.351,31.7,0.493,19.6,25.7,11.9,23.0,15.5,101.3
2006,Phoenix Suns,PHO,27.5,54.0,28.0,105.8,95.8,0.49,13.2,0.2,32.3,6.7,5.0,20.5,39.5,0.454,6.3,0.363,33.3,0.477,17.4,23.9,12.5,18.9,14.9,102.8
2006,Portland Trail Blazers,POR,24.6,21.0,61.0,111.9,87.6,0.507,12.6,0.231,26.9,6.5,5.3,22.3,37.0,0.468,6.1,0.381,30.9,0.491,18.3,24.0,12.5,21.2,12.9,98.3
2006,Sacramento Kings,SAC,27.2,44.0,38.0,105.0,91.9,0.488,13.7,0.21,30.2,7.4,3.6,20.4,37.2,0.454,5.6,0.351,31.6,0.479,17.2,23.1,11.6,21.1,14.6,97.3
2006,San Antonio Spurs,SAS,29.8,63.0,19.0,99.6,88.5,0.457,13.5,0.22,31.1,6.6,5.7,20.9,33.9,0.433,3.7,0.339,30.3,0.449,17.2,23.3,10.8,16.3,13.9,88.8
2006,Seattle SuperSonics,SEA,25.6,35.0,47.0,114.4,91.6,0.527,13.6,0.26,27.2,7.6,3.7,23.6,39.0,0.485,6.6,0.375,32.4,0.516,20.9,27.5,12.2,24.1,14.6,105.6
2006,Toronto Raptors,TOR,25.9,27.0,55.0,112.7,91.1,0.53,13.5,0.263,27.9,6.5,3.3,24.0,38.6,0.491,6.2,0.373,32.4,0.522,20.7,27.6,10.2,23.6,14.2,104.0
2006,Utah Jazz,UTA,25.6,41.0,41.0,107.0,87.8,0.49,14.0,0.303,29.0,6.4,6.0,24.8,33.3,0.449,6.0,0.378,27.3,0.469,22.4,30.1,10.6,18.4,14.2,95.0
2006,Washington Wizards,WAS,26.5,42.0,40.0,107.3,92.3,0.504,15.1,0.256,28.6,8.0,4.1,22.6,36.8,0.465,6.1,0.363,30.6,0.493,20.2,27.1,11.8,21.5,16.2,99.8
2007,Atlanta Hawks,ATL,24.1,30.0,52.0,108.3,90.0,0.503,14.5,0.268,28.2,7.4,5.4,24.0,36.0,0.466,5.7,0.376,30.3,0.488,20.7,28.2,11.6,21.1,15.2,98.4
2007,Boston Celtics,BOS,23.5,24.0,58.0,106.9,92.0,0.502,14.5,0.28,29.2,7.2,4.7,24.0,36.2,0.468,5.2,0.354,30.9,0.495,21.7,29.0,10.3,22.1,15.2,99.2
2007,Charlotte Bobcats,CHA,25.5,33.0,49.0,107.6,92.0,0.5,14.7,0.279,28.6,7.8,4.5,24.2,36.6,0.465,5.5,0.363,31.1,0.489,22.0,29.3,11.3,20.9,15.8,100.6
2007,Chicago Bulls,CHI,26.0,49.0,33.0,99.6,93.6,0.473,16.2,0.252,31.7,7.8,5.4,23.3,34.1,0.435,5.9,0.349,28.2,0.459,19.7,27.1,10.9,20.4,17.4,93.8
2007,Cleveland Cavaliers,CLE,26.9,50.0,32.0,101.3,90.8,0.48,14.7,0.243,30.8,7.6,4.3,21.7,34.6,0.448,4.9,0.329,29.7,0.476,18.8,25.6,9.8,20.1,15.3,92.9
2007,Dallas Mavericks,DAL,28.1,67.0,15.0,103.2,89.5,0.477,14.2,0.265,30.7,6.8,5.0,22.4,34.0,0.447,4.6,0.349,29.5,0.467,20.2,27.0,10.2,17.9,14.5,92.8
2007,Denver Nuggets,DEN,26.5,45.0,37.0,105.9,97.4,0.499,14.5,0.203,31.2,8.3,5.3,21.4,39.7,0.46,6.8,0.353,33.0,0.49,17.5,23.7,12.3,24.5,16.4,103.7
2007,Detroit Pistons,DET,29.0,53.0,29.0,104.2,87.3,0.477,14.3,0.234,29.0,7.1,5.8,20.4,34.4,0.445,5.0,0.339,29.4,0.47,18.1,24.5,11.9,20.1,14.7,91.8
2007,Golden State Warriors,GSW,24.6,42.0,40.0,107.4,99.2,0.506,16.1,0.264,30.0,9.1,5.7,23.6,38.7,0.462,7.4,0.366,31.2,0.492,22.1,29.5,13.1,24.7,18.6,106.9
2007,Houston Rockets,HOU,28.2,52.0,30.0,100.7,90.7,0.466,13.6,0.23,32.6,7.1,4.1,20.9,34.1,0.429,5.8,0.351,28.3,0.45,18.3,24.4,9.8,19.4,14.2,92.1
2007,Indiana Pacers,IND,27.2,35.0,47.0,105.5,92.4,0.491,14.8,0.271,29.8,7.3,5.5,23.3,35.7,0.457,5.3,0.372,30.4,0.476,21.2,28.2,11.2,20.0,15.7,98.0
2007,League Average,,26.7,,,106.5,91.9,0.496,14.2,0.246,29.9,7.2,4.6,22.2,36.5,0.458,6.1,0.358,30.5,0.485,19.6,26.1,11.1,21.3,15.1,98.7
2007,Los Angeles Clippers,LAC,27.5,40.0,42.0,105.6,90.8,0.488,13.3,0.249,30.3,7.3,5.8,22.7,35.5,0.452,5.5,0.339,30.0,0.482,19.5,26.1,10.3,21.0,13.8,96.1
2007,Los Angeles Lakers,LAL,25.3,42.0,40.0,108.6,93.5,0.5,13.5,0.262,30.4,7.3,5.1,23.0,37.8,0.461,6.4,0.358,31.4,0.49,21.5,28.3,11.6,21.9,14.7,103.4
2007,Memphis Grizzlies,MEM,26.2,22.0,60.0,112.3,93.6,0.529,14.0,0.237,29.0,6.9,5.0,22.3,40.1,0.486,7.0,0.389,33.1,0.513,19.5,25.8,11.8,25.1,15.3,106.7
2007,Miami Heat,MIA,29.3,44.0,38.0,105.3,89.9,0.485,13.8,0.232,30.8,6.9,5.4,21.3,35.3,0.444,6.5,0.355,28.8,0.471,18.5,24.9,11.2,20.2,14.5,95.5
2007,Milwaukee Bucks,MIL,26.0,28.0,54.0,111.7,92.3,0.522,14.5,0.234,27.7,7.2,2.7,22.2,39.0,0.48,6.9,0.368,32.1,0.513,19.1,25.7,13.0,25.3,15.7,104.0
2007,Minnesota Timberwolves,MIN,27.7,32.0,50.0,107.9,91.0,0.498,13.3,0.226,30.2,6.5,4.0,21.4,37.5,0.46,6.3,0.348,31.2,0.492,18.4,24.2,11.7,21.7,14.2,99.7
2007,New Jersey Nets,NJN,28.2,41.0,41.0,106.6,91.4,0.49,13.7,0.266,30.8,6.1,3.3,22.8,35.5,0.45,6.3,0.357,29.2,0.476,21.0,27.6,10.6,22.0,14.5,98.3
2007,New Orleans/Oklahoma City Hornets,NOK,26.4,39.0,43.0,106.5,90.2,0.499,13.2,0.212,30.6,6.4,4.2,19.8,36.6,0.457,6.8,0.355,29.8,0.489,17.0,22.4,10.4,20.8,13.6,97.1
2007,New York Knicks,NYK,25.4,33.0,49.0,108.8,90.8,0.504,13.0,0.246,30.7,6.6,3.2,23.6,36.8,0.46,7.0,0.376,29.9,0.485,19.7,26.0,10.8,21.3,13.7,100.3
2007,Orlando Magic,ORL,25.6,40.0,42.0,104.1,89.9,0.48,14.6,0.286,29.5,6.9,5.1,23.2,33.4,0.442,5.6,0.353,27.8,0.466,21.6,28.4,10.5,19.6,15.0,94.0
2007,Philadelphia 76ers,PHI,26.2,35.0,47.0,106.9,90.7,0.501,14.7,0.221,28.7,7.2,4.8,20.4,37.1,0.463,6.1,0.353,30.9,0.493,17.7,23.5,11.8,22.3,15.6,98.0
2007,Phoenix Suns,PHO,27.6,61.0,21.0,106.4,95.6,0.492,13.6,0.206,31.5,6.7,4.8,20.2,39.5,0.457,6.1,0.363,33.3,0.48,17.8,23.2,12.3,18.9,15.1,102.9
2007,Portland Trail Blazers,POR,24.4,32.0,50.0,109.9,88.3,0.508,13.5,0.267,28.0,6.8,4.6,23.5,36.1,0.471,5.7,0.361,30.4,0.499,20.5,26.3,10.4,20.8,13.7,98.4
2007,Sacramento Kings,SAC,27.3,33.0,49.0,108.0,94.8,0.513,14.9,0.24,29.2,8.2,3.2,21.9,38.4,0.472,6.8,0.365,31.6,0.503,19.5,25.8,11.1,22.4,16.3,103.1
2007,San Antonio Spurs,SAS,30.4,58.0,24.0,99.9,89.8,0.471,14.0,0.201,31.4,7.2,5.1,19.4,34.9,0.443,4.5,0.334,30.4,0.465,15.9,21.4,10.1,17.3,14.3,90.1
2007,Seattle SuperSonics,SEA,25.9,31.0,51.0,110.3,91.8,0.515,14.1,0.243,28.3,7.7,3.7,22.0,38.1,0.476,6.3,0.361,31.8,0.508,19.5,25.9,11.6,22.8,15.0,102.0
2007,Toronto Raptors,TOR,26.0,47.0,35.0,106.0,92.6,0.503,14.3,0.219,30.2,7.1,3.9,20.4,37.2,0.463,6.5,0.357,30.7,0.494,17.6,23.3,10.3,21.2,15.1,98.5
2007,Utah Jazz,UTA,25.9,51.0,31.0,107.0,91.6,0.496,14.4,0.314,30.0,7.0,4.1,25.2,34.4,0.455,6.2,0.355,28.2,0.485,23.7,30.9,9.9,18.9,15.0,98.6
2007,Washington Wizards,WAS,26.8,41.0,41.0,110.6,94.1,0.517,14.4,0.249,29.0,7.7,4.6,22.2,38.6,0.473,7.3,0.377,31.3,0.502,20.3,26.2,11.9,23.7,15.7,104.9
2008,Atlanta Hawks,ATL,24.2,37.0,45.0,108.9,91.1,0.501,12.9,0.217,29.9,7.3,5.5,20.4,38.0,0.463,6.2,0.362,31.7,0.489,17.8,23.7,11.8,22.3,13.7,100.0
2008,Boston Celtics,BOS,27.9,66.0,16.0,98.9,90.9,0.457,15.2,0.253,31.9,8.5,4.6,22.7,32.4,0.419,5.9,0.316,26.5,0.452,19.6,26.3,11.0,18.8,16.0,90.3
2008,Charlotte Bobcats,CHA,26.3,32.0,50.0,109.4,91.8,0.505,13.4,0.235,29.8,7.5,4.9,21.7,38.0,0.466,6.3,0.355,31.7,0.497,19.2,25.6,12.2,21.8,14.4,101.4
2008,Chicago Bulls,CHI,25.7,33.0,49.0,107.2,93.0,0.496,14.2,0.258,30.2,7.7,5.2,21.8,36.4,0.453,7.0,0.375,29.4,0.476,20.7,27.0,11.1,21.9,15.3,100.4
2008,Cleveland Cavaliers,CLE,27.1,45.0,37.0,106.4,90.2,0.494,12.9,0.24,31.3,7.1,5.2,20.9,35.8,0.455,6.2,0.357,29.7,0.482,18.9,25.2,9.9,21.0,13.3,96.7
2008,Dallas Mavericks,DAL,28.9,51.0,31.0,106.1,90.2,0.474,11.7,0.252,32.2,6.0,4.9,21.8,35.4,0.443,5.0,0.349,30.4,0.463,20.1,26.4,10.8,18.9,12.2,95.9
2008,Denver Nuggets,DEN,28.5,50.0,32.0,106.3,99.7,0.499,14.1,0.203,32.9,9.2,6.7,21.1,40.7,0.457,7.6,0.363,33.1,0.485,18.1,24.7,12.7,25.7,16.4,107.0
2008,Detroit Pistons,DET,28.3,59.0,23.0,102.9,87.3,0.47,13.4,0.244,29.5,7.1,5.8,20.6,33.3,0.437,5.0,0.332,28.3,0.463,18.6,25.0,10.5,19.1,13.5,90.1
2008,Golden State Warriors,GSW,25.5,48.0,34.0,109.5,98.8,0.509,14.7,0.258,30.4,9.1,4.6,22.9,39.9,0.468,7.0,0.368,32.9,0.496,22.0,29.0,12.8,23.6,16.9,108.8
2008,Houston Rockets,HOU,28.3,55.0,27.0,101.6,90.4,0.465,12.8,0.214,32.4,7.3,5.1,19.6,34.8,0.433,5.3,0.365,29.5,0.447,17.2,23.3,10.9,18.9,13.3,92.0
2008,Indiana Pacers,IND,26.7,36.0,46.0,107.5,97.7,0.498,14.1,0.271,32.1,7.6,5.0,23.4,37.7,0.454,7.4,0.386,30.3,0.474,22.6,29.8,11.3,22.2,15.8,105.4
2008,League Average,,27.0,,,107.5,92.4,0.497,13.2,0.231,30.8,7.3,4.7,21.0,37.3,0.457,6.6,0.362,30.7,0.484,18.8,24.9,11.2,21.8,14.1,99.9
2008,Los Angeles Clippers,LAC,28.5,23.0,59.0,109.1,92.1,0.503,12.8,0.236,30.4,6.8,4.9,21.3,38.0,0.467,5.9,0.349,32.0,0.498,19.2,25.6,11.2,22.4,13.6,101.1
2008,Los Angeles Lakers,LAL,26.7,57.0,25.0,105.5,95.6,0.485,12.9,0.214,33.2,8.0,5.3,20.6,38.1,0.445,6.8,0.362,31.4,0.469,18.3,24.3,12.0,21.9,14.2,101.3
2008,Memphis Grizzlies,MEM,24.5,22.0,60.0,111.4,95.3,0.521,12.2,0.196,31.3,6.1,4.7,19.4,41.4,0.48,7.2,0.364,34.2,0.514,16.9,21.8,11.4,23.9,13.4,106.9
2008,Miami Heat,MIA,27.4,15.0,67.0,110.0,90.2,0.51,13.6,0.245,28.6,7.2,4.3,20.4,36.9,0.468,6.7,0.369,30.2,0.497,19.4,25.7,11.2,22.2,14.2,100.0
2008,Milwaukee Bucks,MIL,25.8,26.0,56.0,112.8,91.3,0.524,13.0,0.25,28.8,6.6,4.4,21.3,38.4,0.48,7.2,0.384,31.2,0.509,20.0,26.1,10.6,23.3,13.7,103.9
2008,Minnesota Timberwolves,MIN,24.6,22.0,60.0,111.2,91.9,0.513,12.9,0.269,29.6,7.5,3.7,23.0,37.3,0.472,6.6,0.357,30.7,0.507,21.2,27.6,10.6,23.2,13.5,102.4
2008,New Jersey Nets,NJN,27.4,34.0,48.0,109.4,91.5,0.497,12.7,0.271,30.7,6.4,4.8,22.6,36.4,0.456,6.5,0.369,29.9,0.48,21.6,28.2,10.9,22.1,13.4,100.9
2008,New Orleans Hornets,NOH,27.1,56.0,26.0,105.7,89.9,0.501,13.5,0.184,30.4,7.8,3.9,18.7,37.0,0.46,6.6,0.351,30.4,0.494,14.8,19.3,9.9,21.7,13.9,95.6
2008,New York Knicks,NYK,25.7,23.0,59.0,111.9,91.6,0.518,12.1,0.229,30.0,6.4,2.6,21.5,38.8,0.474,7.2,0.369,31.7,0.507,18.7,25.3,11.3,21.6,12.8,103.5
2008,Orlando Magic,ORL,26.7,52.0,30.0,105.5,93.4,0.484,12.3,0.217,32.6,6.3,4.1,20.6,37.3,0.446,6.3,0.358,31.0,0.469,18.2,24.1,11.0,21.5,13.2,99.0
2008,Philadelphia 76ers,PHI,25.3,40.0,42.0,106.0,90.4,0.504,15.1,0.205,28.9,8.7,4.9,19.8,36.6,0.461,6.8,0.36,29.8,0.493,16.2,21.0,11.3,23.2,15.7,96.2
2008,Phoenix Suns,PHO,29.3,55.0,27.0,108.1,96.7,0.488,11.8,0.191,32.7,6.5,6.3,19.9,41.1,0.456,5.7,0.353,35.4,0.479,17.2,22.9,13.4,19.6,13.4,105.0
2008,Portland Trail Blazers,POR,24.1,41.0,41.0,108.4,87.9,0.491,12.1,0.212,29.7,5.5,4.4,20.0,36.4,0.451,6.5,0.356,29.9,0.479,17.1,22.3,11.7,20.9,12.5,96.3
2008,Sacramento Kings,SAC,27.3,38.0,44.0,109.9,94.7,0.51,13.9,0.256,30.0,7.9,4.1,22.4,38.3,0.466,7.3,0.373,31.0,0.495,21.0,27.9,11.8,22.9,15.2,104.8
2008,San Antonio Spurs,SAS,31.4,56.0,26.0,101.8,88.8,0.477,12.8,0.201,31.9,6.4,4.1,18.7,34.8,0.444,5.1,0.342,29.7,0.468,15.8,20.9,9.5,18.2,12.9,90.6
2008,Seattle SuperSonics,SEA,25.4,20.0,62.0,109.5,96.3,0.503,11.9,0.215,32.8,6.5,4.9,20.5,40.1,0.461,7.4,0.385,32.7,0.482,18.7,25.0,11.7,24.4,13.2,106.3
2008,Toronto Raptors,TOR,26.3,41.0,41.0,107.0,90.2,0.505,13.5,0.205,30.4,7.0,4.1,19.5,36.7,0.458,7.5,0.368,29.1,0.489,16.4,21.1,10.1,21.9,14.0,97.3
2008,Utah Jazz,UTA,25.3,54.0,28.0,106.5,93.2,0.501,15.0,0.294,29.4,8.7,4.3,24.0,35.3,0.461,6.2,0.357,29.1,0.491,22.5,30.1,10.3,19.9,15.9,99.3
2008,Washington Wizards,WAS,27.2,43.0,39.0,109.6,89.5,0.513,13.5,0.217,29.3,7.7,4.8,19.6,36.8,0.461,8.3,0.386,28.4,0.489,17.3,22.9,11.0,23.9,14.0,99.2
2009,Atlanta Hawks,ATL,25.8,47.0,35.0,107.6,89.6,0.494,13.2,0.21,29.4,7.4,4.6,19.6,36.6,0.454,6.4,0.353,30.2,0.484,16.9,22.0,11.6,20.8,13.7,96.5
2009,Boston Celtics,BOS,27.8,62.0,20.0,102.3,90.4,0.47,14.0,0.253,31.5,7.6,4.7,23.1,33.7,0.431,6.2,0.349,27.5,0.454,19.8,25.7,10.2,18.9,14.6,93.4
2009,Charlotte Bobcats,CHA,25.8,35.0,47.0,106.1,88.3,0.498,14.4,0.229,28.9,7.1,4.8,21.4,35.2,0.454,6.8,0.366,28.4,0.482,17.8,23.5,10.7,19.6,14.7,94.9
2009,Chicago Bulls,CHI,24.9,41.0,41.0,108.7,93.1,0.493,13.1,0.238,30.3,7.5,5.5,20.8,38.3,0.458,5.9,0.347,32.4,0.486,19.9,25.3,12.4,21.0,14.4,102.5
2009,Cleveland Cavaliers,CLE,26.6,66.0,16.0,102.4,88.7,0.468,13.5,0.226,31.4,7.2,5.3,20.3,33.8,0.431,5.9,0.333,28.0,0.459,17.8,23.1,10.7,19.1,13.9,91.4
2009,Dallas Mavericks,DAL,29.0,50.0,32.0,108.4,91.5,0.493,12.3,0.225,31.6,7.2,5.2,19.5,37.5,0.455,6.3,0.375,31.1,0.475,18.6,23.3,10.8,19.6,13.0,99.8
2009,Denver Nuggets,DEN,27.7,54.0,28.0,106.8,94.3,0.485,14.1,0.259,30.6,8.7,6.0,22.9,36.2,0.44,7.3,0.366,28.8,0.464,21.2,27.2,12.1,21.4,15.4,100.9
2009,Detroit Pistons,DET,28.2,39.0,43.0,108.0,86.7,0.485,11.7,0.248,29.9,6.0,4.6,20.9,35.1,0.451,5.3,0.354,29.8,0.474,19.3,24.9,10.5,20.1,11.8,94.7
2009,Golden State Warriors,GSW,25.0,29.0,53.0,113.3,98.2,0.508,12.9,0.251,30.4,7.8,6.4,22.5,41.5,0.468,7.1,0.38,34.4,0.491,22.3,28.6,14.2,24.1,15.0,112.3
2009,Houston Rockets,HOU,27.9,53.0,29.0,104.0,90.2,0.479,11.9,0.192,32.5,6.7,4.3,18.9,36.5,0.444,5.7,0.357,30.8,0.465,15.8,21.1,10.6,19.8,12.3,94.4
2009,Indiana Pacers,IND,26.5,36.0,46.0,109.2,96.5,0.499,12.7,0.271,32.5,7.0,5.3,23.1,38.3,0.458,6.9,0.375,31.4,0.481,22.6,29.6,11.1,21.1,14.0,106.2
2009,League Average,,26.8,,,108.3,91.7,0.5,13.3,0.236,30.3,7.3,4.8,21.0,37.1,0.459,6.6,0.367,30.5,0.485,19.1,24.7,11.0,21.0,14.0,100.0
2009,Los Angeles Clippers,LAC,26.6,19.0,63.0,111.7,92.1,0.512,12.4,0.227,29.0,7.0,5.9,20.1,39.2,0.473,6.5,0.375,32.7,0.499,18.9,24.8,11.7,23.8,13.3,103.9
2009,Los Angeles Lakers,LAL,27.4,65.0,17.0,104.7,94.3,0.49,14.2,0.213,31.5,8.8,5.1,20.7,37.2,0.447,7.1,0.345,30.0,0.481,17.7,23.5,11.7,22.6,15.5,99.3
2009,Memphis Grizzlies,MEM,23.3,24.0,58.0,109.5,90.1,0.515,14.1,0.247,28.5,7.5,4.7,21.7,36.8,0.473,6.5,0.355,30.3,0.51,19.2,24.9,10.3,21.2,14.6,99.3
2009,Miami Heat,MIA,25.6,43.0,39.0,107.6,89.9,0.501,14.5,0.251,29.4,7.9,5.5,20.7,35.6,0.455,7.2,0.389,28.4,0.476,19.6,25.4,10.9,20.1,15.2,98.0
2009,Milwaukee Bucks,MIL,26.3,34.0,48.0,107.9,92.6,0.503,15.6,0.315,28.9,7.4,3.8,24.2,34.8,0.458,6.9,0.378,28.0,0.483,23.9,30.2,10.1,21.1,16.5,100.4
2009,Minnesota Timberwolves,MIN,25.4,24.0,58.0,111.4,91.6,0.515,12.0,0.254,29.8,6.2,3.9,21.8,37.9,0.474,6.5,0.377,31.4,0.5,20.3,26.2,9.9,21.5,12.5,102.7
2009,New Jersey Nets,NJN,25.7,34.0,48.0,111.0,89.9,0.509,13.0,0.272,29.5,6.8,4.8,22.4,36.0,0.462,7.3,0.391,28.7,0.485,21.2,27.8,10.6,21.9,13.5,100.5
2009,New Orleans Hornets,NOH,28.2,49.0,33.0,107.0,87.8,0.496,13.2,0.23,29.9,7.2,4.1,20.3,34.8,0.45,7.0,0.354,27.8,0.484,17.7,22.9,10.0,20.1,13.3,94.3
2009,New York Knicks,NYK,25.7,32.0,50.0,110.8,96.7,0.52,13.0,0.215,31.0,7.4,2.5,20.4,41.2,0.48,7.0,0.351,34.2,0.518,18.5,24.4,11.6,21.6,14.5,107.8
2009,Oklahoma City Thunder,OKC,24.5,23.0,59.0,109.4,93.6,0.514,13.0,0.216,30.5,7.4,4.5,20.2,39.4,0.475,6.4,0.364,33.0,0.505,17.9,23.5,10.8,21.6,13.9,103.1
2009,Orlando Magic,ORL,27.3,59.0,23.0,101.9,92.3,0.465,12.3,0.209,33.3,7.0,5.4,20.3,35.8,0.433,5.4,0.342,30.4,0.454,17.3,23.0,10.5,18.1,13.1,94.4
2009,Philadelphia 76ers,PHI,26.1,41.0,41.0,107.8,90.0,0.507,14.9,0.216,28.5,8.0,5.1,20.1,36.5,0.462,7.1,0.367,29.4,0.493,17.1,21.9,11.4,21.9,15.6,97.3
2009,Phoenix Suns,PHO,29.5,46.0,36.0,111.6,96.0,0.511,12.8,0.233,30.7,7.2,5.1,20.6,40.0,0.467,7.6,0.383,32.3,0.492,19.9,25.7,12.1,21.2,14.2,107.5
2009,Portland Trail Blazers,POR,24.0,54.0,28.0,107.8,86.6,0.499,13.2,0.227,28.8,6.7,4.9,20.4,35.4,0.46,5.9,0.374,29.4,0.482,17.4,21.7,9.6,19.4,13.2,94.1
2009,Sacramento Kings,SAC,26.3,17.0,65.0,114.7,94.2,0.526,13.0,0.269,28.9,6.9,4.3,23.3,40.0,0.483,7.1,0.406,32.9,0.504,22.2,29.4,12.4,21.9,14.4,109.3
2009,San Antonio Spurs,SAS,30.4,54.0,28.0,104.3,88.4,0.487,11.7,0.191,32.2,5.8,4.0,18.9,36.3,0.453,5.5,0.379,30.8,0.469,15.3,19.9,9.1,18.1,11.7,93.3
2009,Toronto Raptors,TOR,27.0,33.0,49.0,110.0,92.0,0.511,12.6,0.202,30.6,6.4,4.8,19.4,38.7,0.465,7.7,0.367,31.0,0.498,16.8,21.5,10.9,23.0,13.3,101.9
2009,Utah Jazz,UTA,25.5,48.0,34.0,107.3,93.1,0.505,15.0,0.262,29.5,8.8,4.6,22.3,36.8,0.464,6.5,0.361,30.3,0.494,20.8,27.2,11.1,20.0,16.1,100.9
2009,Washington Wizards,WAS,26.9,19.0,63.0,113.6,91.0,0.533,13.3,0.227,28.4,7.5,4.5,20.5,38.6,0.482,8.2,0.387,30.4,0.516,18.1,23.9,11.4,24.6,13.9,103.5
2010,Atlanta Hawks,ATL,26.5,53.0,29.0,106.7,90.1,0.496,13.2,0.208,29.9,7.2,5.0,19.9,37.2,0.46,5.9,0.345,31.3,0.491,16.8,22.6,11.2,21.0,13.8,97.0
2010,Boston Celtics,BOS,29.4,50.0,32.0,103.8,91.6,0.487,14.9,0.251,29.9,8.5,4.9,22.1,35.1,0.451,5.7,0.342,29.4,0.481,19.6,26.2,10.6,19.3,15.6,95.6
2010,Charlotte Bobcats,CHA,27.4,44.0,38.0,102.8,90.4,0.491,14.7,0.194,30.4,7.7,5.4,19.5,35.7,0.448,7.0,0.338,28.7,0.486,15.5,20.9,10.6,20.3,15.3,93.8
2010,Chicago Bulls,CHI,26.2,41.0,41.0,105.3,93.1,0.484,12.3,0.212,33.1,6.5,5.8,20.1,37.1,0.442,7.1,0.348,30.0,0.472,17.8,23.9,11.2,20.9,13.3,99.1
2010,Cleveland Cavaliers,CLE,28.0,61.0,21.0,104.1,91.4,0.482,12.3,0.218,32.8,6.9,5.2,19.4,35.8,0.442,6.4,0.347,29.4,0.471,17.6,23.3,9.7,20.3,12.7,95.6
2010,Dallas Mavericks,DAL,30.7,55.0,27.0,106.3,92.5,0.495,13.6,0.206,31.5,7.6,5.5,19.1,37.9,0.457,6.4,0.347,31.5,0.488,17.1,22.5,11.2,20.2,14.6,99.3
2010,Denver Nuggets,DEN,27.7,53.0,29.0,107.5,94.8,0.495,13.8,0.251,30.5,8.3,5.1,22.5,37.7,0.456,6.4,0.349,31.3,0.487,20.7,26.9,11.6,21.0,15.1,102.4
2010,Detroit Pistons,DET,26.7,27.0,55.0,111.4,88.5,0.526,14.2,0.264,27.3,7.3,3.8,22.2,36.2,0.48,6.9,0.375,29.2,0.515,19.9,25.9,9.9,23.1,14.3,99.1
2010,Golden State Warriors,GSW,25.1,26.0,56.0,111.7,100.4,0.525,15.1,0.26,29.2,9.3,4.1,23.0,41.6,0.485,6.9,0.375,34.7,0.515,22.3,29.1,13.4,24.1,17.6,112.4
2010,Houston Rockets,HOU,26.0,42.0,40.0,108.0,94.0,0.511,13.6,0.215,30.1,7.1,3.9,20.9,39.5,0.475,6.0,0.364,33.5,0.503,17.9,23.4,10.7,20.9,14.7,102.7
2010,Indiana Pacers,IND,26.6,32.0,50.0,106.8,97.1,0.49,13.4,0.258,31.9,7.1,5.4,22.5,38.0,0.453,6.2,0.363,31.7,0.476,21.6,28.6,11.8,20.7,15.0,103.8
2010,League Average,,26.8,,,107.6,92.7,0.501,13.3,0.228,30.8,7.2,4.9,20.9,37.7,0.461,6.4,0.355,31.3,0.492,18.6,24.5,11.0,21.2,14.2,100.4
2010,Los Angeles Clippers,LAC,27.3,29.0,53.0,110.1,92.6,0.509,12.2,0.214,30.5,6.5,5.7,19.3,38.9,0.47,6.5,0.363,32.5,0.499,17.7,23.3,10.7,23.5,12.9,102.1
2010,Los Angeles Lakers,LAL,28.4,57.0,25.0,103.7,92.8,0.484,13.2,0.195,32.5,7.5,4.9,19.4,37.2,0.446,6.3,0.328,30.9,0.481,16.2,21.7,11.1,21.9,14.1,97.0
2010,Memphis Grizzlies,MEM,24.1,40.0,42.0,109.9,93.6,0.52,13.2,0.205,30.4,7.9,4.9,20.2,40.0,0.478,7.0,0.354,33.0,0.517,17.1,22.7,11.1,22.9,14.2,104.0
2010,Miami Heat,MIA,27.1,47.0,35.0,104.1,89.6,0.48,13.9,0.246,31.1,7.4,5.6,20.9,34.3,0.439,6.4,0.342,27.9,0.469,19.2,25.5,10.4,18.8,14.4,94.2
2010,Milwaukee Bucks,MIL,26.4,46.0,36.0,103.1,91.7,0.486,14.6,0.266,31.2,7.1,4.7,22.2,35.0,0.451,5.3,0.343,29.7,0.478,20.6,27.0,9.6,19.3,15.3,96.0
2010,Minnesota Timberwolves,MIN,24.1,15.0,67.0,111.6,96.1,0.525,13.0,0.22,31.2,7.3,3.7,20.7,40.8,0.48,7.5,0.366,33.2,0.517,18.7,24.2,11.2,25.6,14.3,107.8
2010,New Jersey Nets,NJN,24.8,12.0,70.0,110.5,91.4,0.517,13.3,0.229,28.8,7.0,4.8,20.0,38.7,0.481,5.7,0.366,33.0,0.509,18.4,24.6,11.3,23.9,14.0,101.5
2010,New Orleans Hornets,NOH,27.5,37.0,45.0,110.1,92.6,0.523,13.5,0.205,29.9,7.6,3.7,19.6,39.6,0.483,6.6,0.355,33.1,0.52,16.9,22.5,10.6,23.5,14.4,102.7
2010,New York Knicks,NYK,25.4,29.0,53.0,111.6,94.0,0.526,13.3,0.207,30.2,7.1,3.7,20.0,40.9,0.486,6.7,0.352,34.1,0.525,17.4,23.1,11.7,21.0,14.4,105.9
2010,Oklahoma City Thunder,OKC,23.2,50.0,32.0,104.6,93.1,0.483,14.0,0.229,31.8,8.0,5.9,21.3,36.7,0.448,5.9,0.34,30.8,0.476,18.8,24.6,11.4,19.7,15.1,98.0
2010,Orlando Magic,ORL,27.9,59.0,23.0,103.3,92.0,0.477,12.2,0.205,33.4,6.2,5.6,19.9,36.0,0.438,6.4,0.363,29.7,0.459,16.8,22.3,9.8,18.9,12.8,95.3
2010,Philadelphia 76ers,PHI,25.4,27.0,55.0,110.3,91.6,0.518,13.8,0.231,29.5,8.1,5.4,20.5,37.9,0.472,7.4,0.393,30.5,0.497,18.5,24.2,10.8,22.1,14.5,101.6
2010,Phoenix Suns,PHO,28.5,54.0,28.0,110.2,95.3,0.491,11.6,0.224,31.9,5.8,5.1,20.9,39.5,0.452,6.8,0.355,32.6,0.479,19.6,25.8,13.2,20.8,13.0,105.3
2010,Portland Trail Blazers,POR,26.6,50.0,32.0,107.1,87.7,0.502,13.3,0.219,29.1,6.4,4.3,20.9,36.0,0.464,5.9,0.343,30.1,0.499,17.0,22.8,9.8,19.3,13.5,94.8
2010,Sacramento Kings,SAC,24.1,25.0,57.0,109.9,94.0,0.505,12.6,0.244,30.7,6.9,4.5,22.3,39.0,0.469,6.1,0.357,33.0,0.497,20.3,26.2,11.1,20.5,13.7,104.4
2010,San Antonio Spurs,SAS,28.7,50.0,32.0,104.5,91.7,0.483,12.1,0.214,32.0,6.3,4.6,20.4,36.9,0.452,5.0,0.343,31.9,0.476,17.5,23.1,9.9,19.2,12.6,96.3
2010,Toronto Raptors,TOR,25.2,40.0,42.0,113.2,93.1,0.513,11.8,0.247,30.6,5.7,4.7,22.2,39.0,0.468,7.4,0.366,31.5,0.501,20.5,26.2,11.4,23.0,12.7,105.9
2010,Utah Jazz,UTA,25.6,53.0,29.0,105.0,93.8,0.492,14.2,0.269,31.6,8.2,4.9,22.7,35.5,0.449,6.7,0.354,28.7,0.48,21.2,27.9,10.2,19.9,15.1,98.9
2010,Washington Wizards,WAS,27.6,26.0,56.0,109.4,91.6,0.502,12.8,0.239,30.0,6.0,5.1,21.4,37.6,0.463,6.4,0.36,31.2,0.492,19.4,25.5,11.4,21.6,13.6,101.0
2011,Atlanta Hawks,ATL,27.4,44.0,38.0,107.0,89.3,0.495,12.3,0.211,30.0,6.1,4.2,19.0,36.7,0.46,5.6,0.338,31.1,0.492,16.8,21.7,10.2,21.4,12.5,95.8
2011,Boston Celtics,BOS,29.5,56.0,26.0,100.3,90.4,0.469,14.8,0.235,31.0,8.2,4.2,20.5,33.8,0.434,5.4,0.34,28.4,0.459,18.2,24.1,10.5,18.7,15.4,91.1
2011,Charlotte Bobcats,CHA,26.9,34.0,48.0,107.8,89.6,0.5,12.9,0.229,29.8,6.4,5.3,20.0,36.0,0.455,7.0,0.359,29.0,0.487,18.2,23.3,9.8,21.7,13.2,97.3
2011,Chicago Bulls,CHI,26.4,62.0,20.0,100.3,90.4,0.463,13.6,0.222,32.4,7.2,5.7,20.0,34.2,0.43,5.2,0.326,29.0,0.456,17.7,23.1,10.1,19.0,14.1,91.3
2011,Cleveland Cavaliers,CLE,26.6,19.0,63.0,111.8,93.0,0.524,12.7,0.211,29.9,6.6,4.2,20.1,39.4,0.475,8.1,0.411,31.3,0.495,17.5,23.1,10.9,24.2,13.5,104.5
2011,Dallas Mavericks,DAL,30.9,57.0,25.0,105.0,91.3,0.488,13.0,0.206,31.9,6.8,4.3,19.2,36.5,0.45,6.2,0.343,30.3,0.481,16.7,22.3,10.7,20.6,13.6,96.0
2011,Denver Nuggets,DEN,27.3,50.0,32.0,107.3,95.6,0.5,12.7,0.224,32.3,7.4,4.3,21.0,38.5,0.459,7.0,0.344,31.4,0.495,18.8,24.8,10.5,22.2,13.7,102.7
2011,Detroit Pistons,DET,27.2,30.0,52.0,111.7,89.2,0.526,13.8,0.235,27.3,7.3,4.0,19.9,37.9,0.486,6.4,0.358,31.5,0.523,18.3,23.9,10.6,23.3,14.1,100.6
2011,Golden State Warriors,GSW,25.2,36.0,46.0,110.7,94.8,0.509,14.5,0.259,28.9,9.0,5.0,22.0,38.7,0.467,6.9,0.358,31.8,0.501,21.4,27.6,12.8,24.7,16.1,105.7
2011,Houston Rockets,HOU,26.5,43.0,39.0,109.0,94.2,0.5,12.6,0.219,31.1,7.1,4.5,20.0,39.8,0.468,5.5,0.358,34.4,0.492,18.6,23.8,11.6,20.8,13.7,103.7
2011,Indiana Pacers,IND,25.9,37.0,45.0,106.0,94.7,0.487,12.8,0.237,32.4,7.1,5.6,21.7,37.5,0.449,6.2,0.359,31.2,0.473,19.7,26.3,11.4,20.4,13.9,100.9
2011,League Average,,26.7,,,107.3,92.1,0.498,13.4,0.229,30.5,7.3,4.9,20.7,37.2,0.459,6.5,0.358,30.8,0.487,18.6,24.4,10.9,21.5,14.3,99.6
2011,Los Angeles Clippers,LAC,24.6,32.0,50.0,108.7,92.8,0.499,12.8,0.25,30.5,7.1,4.9,21.1,37.1,0.455,7.1,0.365,30.0,0.484,20.4,26.4,11.1,22.3,13.7,101.8
2011,Los Angeles Lakers,LAL,30.2,57.0,25.0,104.3,90.7,0.477,12.8,0.181,31.9,7.3,5.1,19.0,36.7,0.437,6.8,0.335,29.9,0.469,15.2,19.9,12.2,22.3,13.6,95.4
2011,Memphis Grizzlies,MEM,25.2,46.0,36.0,105.1,91.9,0.502,15.7,0.228,29.2,9.4,5.4,20.8,36.2,0.457,7.2,0.369,29.0,0.486,18.1,23.8,11.0,21.0,16.7,97.6
2011,Miami Heat,MIA,29.0,58.0,24.0,103.5,90.9,0.475,12.6,0.223,32.5,6.6,5.2,20.4,35.0,0.434,6.7,0.345,28.3,0.462,18.0,24.1,10.5,20.1,13.2,94.6
2011,Milwaukee Bucks,MIL,26.7,35.0,47.0,102.5,89.8,0.481,14.7,0.236,30.2,7.5,4.9,20.5,34.6,0.447,5.3,0.334,29.2,0.476,18.3,23.7,10.2,20.2,15.2,92.7
2011,Minnesota Timberwolves,MIN,23.8,17.0,65.0,111.1,96.5,0.514,13.1,0.251,31.2,7.2,5.1,22.3,39.4,0.468,7.8,0.374,31.6,0.499,21.1,27.2,11.1,24.8,14.4,107.7
2011,New Jersey Nets,NJN,24.8,24.0,58.0,109.9,89.9,0.503,11.8,0.241,29.8,5.6,4.7,22.0,37.4,0.465,6.2,0.364,31.2,0.492,19.4,25.8,10.4,22.2,12.3,100.4
2011,New Orleans Hornets,NOH,26.3,46.0,36.0,105.2,88.7,0.501,14.4,0.22,30.1,7.6,4.4,21.0,35.1,0.457,6.8,0.357,28.4,0.49,17.0,22.0,9.4,21.2,14.5,94.0
2011,New York Knicks,NYK,25.3,42.0,40.0,110.1,95.6,0.511,13.8,0.24,30.1,7.6,5.8,21.3,39.5,0.472,6.5,0.372,33.0,0.499,20.1,26.4,11.8,20.5,15.2,105.7
2011,Oklahoma City Thunder,OKC,23.7,55.0,27.0,107.2,92.7,0.493,12.9,0.228,31.8,8.0,5.9,22.4,38.1,0.458,5.9,0.361,32.2,0.481,19.0,25.5,11.4,20.9,14.0,101.0
2011,Orlando Magic,ORL,27.6,52.0,30.0,102.0,91.2,0.475,13.3,0.219,32.7,6.7,4.7,20.0,34.9,0.436,6.3,0.35,28.6,0.461,17.6,23.7,9.8,20.1,13.9,93.7
2011,Philadelphia 76ers,PHI,24.7,41.0,41.0,105.0,91.7,0.487,13.5,0.231,31.4,7.6,4.3,19.4,36.5,0.451,5.7,0.34,30.8,0.48,18.7,24.2,10.7,21.5,14.2,97.5
2011,Phoenix Suns,PHO,29.6,40.0,42.0,110.4,94.4,0.513,13.1,0.211,30.2,6.6,4.4,20.3,40.4,0.472,7.1,0.367,33.2,0.502,18.1,24.0,12.0,23.0,14.5,105.9
2011,Portland Trail Blazers,POR,26.7,48.0,34.0,107.1,87.9,0.51,15.4,0.231,27.2,8.0,4.4,19.3,35.4,0.467,6.5,0.367,29.0,0.497,17.5,22.8,10.6,19.2,15.7,94.8
2011,Sacramento Kings,SAC,24.8,24.0,58.0,109.0,95.2,0.513,13.5,0.233,30.8,7.4,4.8,22.0,39.8,0.478,5.9,0.355,33.9,0.508,19.4,25.4,10.6,21.7,14.7,104.7
2011,San Antonio Spurs,SAS,28.8,61.0,21.0,105.6,92.3,0.491,12.6,0.19,31.7,7.3,4.5,19.0,38.1,0.456,5.8,0.367,32.3,0.477,15.9,20.7,10.8,20.5,13.4,98.0
2011,Toronto Raptors,TOR,24.5,22.0,60.0,112.9,92.9,0.522,13.0,0.251,28.6,7.1,4.3,22.0,39.2,0.482,6.6,0.376,32.6,0.511,20.4,26.5,11.1,22.6,13.9,105.4
2011,Utah Jazz,UTA,26.8,39.0,43.0,110.1,91.0,0.505,13.8,0.275,28.5,7.7,5.9,22.7,36.2,0.459,7.2,0.376,29.0,0.486,21.7,27.9,11.3,20.7,14.6,101.3
2011,Washington Wizards,WAS,24.9,23.0,59.0,110.2,93.8,0.512,14.4,0.249,29.0,8.1,6.1,22.6,38.7,0.471,6.8,0.373,31.9,0.499,20.4,26.9,12.1,23.1,15.8,104.7
2012,Atlanta Hawks,ATL,27.9,40.0,26.0,101.2,90.2,0.48,14.4,0.186,31.3,8.1,4.6,17.8,36.1,0.444,5.9,0.344,30.1,0.47,15.1,20.1,10.8,20.5,15.1,93.2
2012,Boston Celtics,BOS,29.3,39.0,27.0,98.2,90.4,0.452,14.9,0.216,31.1,7.5,5.5,19.9,33.4,0.419,5.2,0.308,28.2,0.449,17.2,22.7,11.8,18.7,15.7,89.3
2012,Charlotte Bobcats,CHA,24.5,7.0,59.0,110.4,91.1,0.512,12.8,0.206,28.7,6.0,5.5,18.9,38.9,0.475,6.2,0.356,32.8,0.506,16.9,22.5,11.8,23.3,13.5,100.9
2012,Chicago Bulls,CHI,27.1,50.0,16.0,98.3,89.1,0.45,12.8,0.175,32.8,6.9,5.9,17.3,34.6,0.421,4.6,0.325,30.0,0.442,14.3,19.4,11.4,18.9,13.3,88.2
2012,Cleveland Cavaliers,CLE,26.0,21.0,45.0,108.9,91.3,0.508,13.1,0.202,29.5,7.1,4.0,20.0,38.4,0.467,6.8,0.362,31.6,0.498,16.6,22.2,11.4,23.1,13.9,100.2
2012,Dallas Mavericks,DAL,31.3,36.0,30.0,102.3,91.4,0.479,13.9,0.203,32.7,8.6,5.1,18.6,35.6,0.435,7.2,0.346,28.4,0.466,16.5,22.1,11.0,20.5,14.7,94.8
2012,Denver Nuggets,DEN,26.6,38.0,28.0,106.2,94.2,0.508,14.3,0.185,31.9,8.2,5.0,19.7,38.5,0.456,8.7,0.383,29.8,0.483,15.6,20.5,11.1,23.2,15.6,101.2
2012,Detroit Pistons,DET,26.3,25.0,41.0,106.3,89.2,0.5,14.2,0.226,28.5,7.0,4.2,19.6,36.0,0.462,6.0,0.355,30.0,0.492,17.6,23.0,10.7,22.5,14.5,95.7
2012,Golden State Warriors,GSW,25.3,23.0,43.0,109.1,92.3,0.496,13.6,0.237,29.5,8.0,5.5,21.4,37.3,0.453,7.1,0.365,30.2,0.48,19.5,26.1,13.2,23.1,14.8,101.2
2012,Houston Rockets,HOU,26.2,34.0,32.0,105.2,91.7,0.49,13.8,0.21,30.5,7.5,4.8,20.4,37.5,0.456,5.6,0.325,31.9,0.491,17.3,22.6,11.0,20.0,14.7,97.9
2012,Indiana Pacers,IND,26.3,42.0,24.0,103.1,90.7,0.476,14.1,0.222,31.4,7.9,5.4,21.7,34.9,0.435,6.7,0.351,28.2,0.461,17.9,24.5,12.0,19.6,14.9,94.4
2012,League Average,,26.7,,,104.6,91.3,0.487,13.8,0.208,30.8,7.7,5.1,19.6,36.5,0.448,6.4,0.349,30.1,0.477,16.9,22.5,11.4,21.0,14.6,96.3
2012,Los Angeles Clippers,LAC,27.3,40.0,26.0,105.7,89.2,0.492,14.2,0.245,29.4,8.4,4.8,21.2,34.5,0.447,7.0,0.365,27.6,0.474,19.0,25.4,10.8,20.7,14.6,95.0
2012,Los Angeles Lakers,LAL,29.7,41.0,25.0,104.4,90.5,0.476,10.7,0.158,34.1,5.9,5.3,16.8,37.8,0.437,6.7,0.348,31.0,0.463,13.7,18.4,11.5,21.9,11.3,95.9
2012,Memphis Grizzlies,MEM,25.6,41.0,25.0,101.8,90.8,0.485,16.3,0.227,29.5,9.6,5.2,19.9,34.5,0.444,6.3,0.345,28.2,0.474,17.6,23.1,11.0,19.3,17.1,93.0
2012,Miami Heat,MIA,28.3,46.0,20.0,100.2,91.2,0.479,15.8,0.2,31.2,8.9,5.4,19.4,34.6,0.434,7.3,0.363,27.4,0.457,16.0,22.1,11.0,19.7,16.8,92.5
2012,Milwaukee Bucks,MIL,26.2,31.0,35.0,105.2,93.7,0.489,14.6,0.217,30.0,8.3,5.1,19.3,37.1,0.449,6.6,0.351,30.5,0.478,17.9,23.3,12.3,21.7,15.9,98.7
2012,Minnesota Timberwolves,MIN,24.4,26.0,40.0,106.6,93.3,0.491,12.2,0.187,31.7,6.6,4.4,18.4,39.0,0.455,6.2,0.34,32.8,0.486,16.0,21.2,11.7,21.5,13.3,100.1
2012,New Jersey Nets,NJN,26.1,22.0,44.0,109.6,90.1,0.513,13.7,0.209,28.5,7.5,3.9,19.2,37.9,0.472,6.5,0.374,31.4,0.5,16.8,22.6,11.8,23.3,14.3,99.1
2012,New Orleans Hornets,NOH,25.5,21.0,45.0,105.1,88.3,0.485,13.5,0.218,30.2,7.4,4.8,20.1,34.9,0.444,6.4,0.317,28.5,0.489,17.1,22.5,11.1,20.9,13.9,93.4
2012,New York Knicks,NYK,26.3,36.0,30.0,101.0,93.2,0.485,15.9,0.224,30.5,9.4,4.2,21.1,35.1,0.442,6.7,0.359,28.4,0.468,17.7,24.1,10.9,18.9,17.0,94.7
2012,Oklahoma City Thunder,OKC,25.1,47.0,19.0,103.2,93.0,0.465,13.0,0.207,32.7,7.5,8.2,20.5,36.4,0.427,6.4,0.342,30.1,0.451,17.7,23.0,12.7,19.9,14.2,96.9
2012,Orlando Magic,ORL,27.5,37.0,29.0,104.1,89.0,0.488,12.9,0.19,31.2,6.8,4.2,17.7,35.9,0.449,6.3,0.347,29.7,0.478,15.2,19.7,10.1,20.5,13.1,93.4
2012,Philadelphia 76ers,PHI,24.9,35.0,31.0,99.2,89.7,0.46,13.5,0.192,32.5,8.0,5.2,17.5,34.3,0.427,5.4,0.334,28.9,0.45,15.4,20.5,10.7,19.6,13.9,89.4
2012,Phoenix Suns,PHO,28.9,33.0,33.0,106.5,92.6,0.491,13.1,0.2,30.8,6.5,5.5,18.7,38.0,0.455,6.0,0.352,31.9,0.481,16.7,21.9,12.2,21.5,14.1,98.6
2012,Portland Trail Blazers,POR,27.5,28.0,38.0,106.4,91.2,0.504,14.1,0.199,29.5,8.0,4.9,19.0,37.5,0.463,6.7,0.363,30.8,0.492,16.1,21.5,11.1,21.1,14.9,97.8
2012,Sacramento Kings,SAC,24.3,22.0,44.0,109.8,94.7,0.515,13.9,0.199,29.5,8.5,4.9,19.5,40.4,0.476,6.7,0.355,33.8,0.51,16.9,22.2,12.3,23.8,15.4,104.4
2012,San Antonio Spurs,SAS,27.5,50.0,16.0,103.2,92.9,0.489,12.9,0.168,32.6,7.4,4.4,17.3,38.1,0.452,6.2,0.353,31.8,0.478,14.1,18.7,10.3,19.6,13.7,96.5
2012,Toronto Raptors,TOR,25.7,23.0,43.0,104.5,89.3,0.475,12.8,0.26,31.4,6.5,4.9,23.2,33.8,0.435,6.1,0.328,27.8,0.469,20.2,27.2,10.3,20.1,13.2,94.0
2012,Utah Jazz,UTA,25.6,36.0,30.0,106.1,91.4,0.493,13.8,0.245,31.1,8.3,5.8,21.8,36.4,0.453,6.5,0.34,29.9,0.488,19.7,26.2,11.0,20.5,14.7,99.0
2012,Washington Wizards,WAS,24.2,20.0,46.0,106.2,92.5,0.492,14.2,0.229,29.9,8.0,6.3,21.3,36.7,0.453,6.5,0.35,30.2,0.483,18.6,24.5,12.3,21.5,15.2,98.4
2013,Atlanta Hawks,ATL,27.1,44.0,38.0,104.4,92.6,0.496,14.2,0.181,31.6,8.1,4.5,18.0,37.5,0.45,7.6,0.379,29.9,0.473,15.0,19.7,11.3,22.3,15.2,97.5
2013,Boston Celtics,BOS,29.1,41.0,40.0,103.3,91.7,0.482,14.2,0.216,31.3,8.2,4.5,21.2,36.1,0.441,6.8,0.342,29.3,0.472,17.7,23.9,11.4,21.6,15.3,96.7
2013,Brooklyn Nets,BRK,28.6,49.0,33.0,106.2,88.8,0.503,13.1,0.174,30.0,7.3,4.8,18.3,37.4,0.464,6.3,0.366,31.1,0.49,14.0,19.2,10.7,21.4,13.4,95.1
2013,Charlotte Bobcats,CHA,24.4,21.0,61.0,111.5,91.5,0.524,13.2,0.197,29.1,7.2,5.8,19.0,38.8,0.471,8.7,0.388,30.1,0.502,16.2,21.8,11.8,25.3,14.0,102.7
2013,Chicago Bulls,CHI,28.0,45.0,37.0,103.2,89.3,0.477,13.2,0.206,30.7,7.2,5.1,19.7,35.4,0.443,5.5,0.346,29.9,0.467,16.5,22.3,11.0,18.8,13.7,92.9
2013,Cleveland Cavaliers,CLE,24.1,24.0,58.0,109.4,92.3,0.523,14.4,0.225,28.8,7.9,4.1,21.2,37.9,0.476,7.4,0.372,30.5,0.511,17.9,24.2,10.8,23.9,15.2,101.2
2013,Dallas Mavericks,DAL,29.5,41.0,41.0,106.5,94.1,0.492,13.3,0.227,32.6,7.9,5.5,20.7,37.4,0.445,7.8,0.359,29.6,0.475,19.1,25.4,12.0,22.0,14.7,101.7
2013,Denver Nuggets,DEN,26.1,57.0,25.0,105.1,95.1,0.493,14.3,0.193,31.7,9.3,6.5,20.5,38.1,0.444,8.4,0.363,29.7,0.474,16.6,22.7,12.4,23.6,15.9,101.1
2013,Detroit Pistons,DET,25.3,29.0,53.0,108.1,90.8,0.505,13.1,0.209,30.0,7.0,4.9,19.8,37.3,0.459,7.4,0.36,29.9,0.492,16.9,22.2,11.1,22.4,13.7,98.8
2013,Golden State Warriors,GSW,25.3,47.0,35.0,105.5,94.5,0.486,12.4,0.211,34.2,6.9,4.2,21.4,37.2,0.439,8.0,0.347,29.2,0.473,17.9,23.9,11.1,23.5,13.5,100.3
2013,Houston Rockets,HOU,24.4,45.0,37.0,106.1,96.1,0.502,13.5,0.196,32.3,8.3,4.4,20.3,38.8,0.454,8.1,0.368,30.8,0.484,16.8,21.6,10.7,22.7,14.8,102.5
2013,Indiana Pacers,IND,25.7,49.0,32.0,99.8,90.2,0.453,12.9,0.197,33.0,7.2,6.3,20.0,34.5,0.42,5.4,0.327,29.1,0.444,16.2,21.3,11.2,19.2,13.5,90.7
2013,League Average,,26.7,,,105.9,92.0,0.496,13.7,0.204,31.0,7.8,5.1,19.8,37.1,0.453,7.2,0.359,30.0,0.483,16.7,22.2,11.2,22.1,14.6,98.1
2013,Los Angeles Clippers,LAC,28.8,56.0,26.0,103.6,91.1,0.492,15.4,0.229,30.2,9.6,5.6,20.9,34.6,0.443,7.6,0.373,26.9,0.468,17.9,23.9,10.9,22.1,16.1,94.6
2013,Los Angeles Lakers,LAL,30.7,45.0,37.0,106.6,94.4,0.496,11.9,0.163,33.3,7.0,5.2,17.9,39.7,0.453,7.5,0.357,32.2,0.483,14.2,19.4,11.5,23.4,12.9,101.0
2013,Memphis Grizzlies,MEM,27.0,56.0,26.0,100.3,88.4,0.475,15.2,0.209,29.8,8.6,5.3,20.2,33.5,0.435,6.1,0.338,27.4,0.465,16.1,21.5,10.3,19.5,15.5,89.3
2013,Miami Heat,MIA,30.3,66.0,16.0,103.7,90.7,0.487,14.8,0.2,30.4,8.7,5.4,18.7,35.6,0.44,7.6,0.35,28.0,0.473,16.2,21.2,11.2,20.2,15.6,95.0
2013,Milwaukee Bucks,MIL,26.4,38.0,44.0,105.2,94.7,0.492,14.4,0.201,30.9,8.4,6.7,19.0,38.4,0.454,6.5,0.348,32.0,0.483,17.0,22.5,12.4,23.1,16.0,100.4
2013,Minnesota Timberwolves,MIN,26.4,31.0,51.0,105.4,92.8,0.511,15.0,0.187,30.2,8.5,4.7,18.4,38.0,0.468,7.0,0.369,30.9,0.498,15.2,20.1,10.6,22.3,15.9,98.1
2013,New Orleans Hornets,NOH,24.0,27.0,55.0,110.1,88.5,0.52,13.1,0.208,29.6,6.3,5.4,20.4,37.0,0.471,7.7,0.374,29.2,0.505,16.3,21.5,10.2,23.4,13.2,97.9
2013,New York Knicks,NYK,30.2,54.0,28.0,106.3,89.8,0.508,14.8,0.216,29.7,8.2,3.6,20.1,35.6,0.458,7.8,0.357,27.8,0.498,16.8,22.2,10.0,19.3,15.1,95.7
2013,Oklahoma City Thunder,OKC,26.0,60.0,22.0,102.6,93.3,0.469,13.5,0.197,33.2,8.3,7.6,20.2,36.2,0.425,7.4,0.346,28.7,0.452,16.7,21.6,12.0,20.5,14.8,96.5
2013,Orlando Magic,ORL,24.6,20.0,62.0,109.1,92.2,0.508,11.8,0.195,31.9,6.4,4.4,19.4,38.6,0.463,7.5,0.359,31.1,0.498,16.3,22.1,10.8,23.7,12.4,101.1
2013,Philadelphia 76ers,PHI,25.2,34.0,48.0,105.7,91.0,0.495,13.7,0.2,30.4,7.4,4.7,18.4,36.8,0.454,6.7,0.349,30.1,0.487,16.2,21.4,11.0,22.8,14.3,96.5
2013,Phoenix Suns,PHO,26.9,25.0,57.0,108.1,93.4,0.512,14.2,0.208,29.9,8.0,5.3,20.6,38.8,0.47,6.9,0.388,31.9,0.492,17.1,22.6,11.7,22.8,15.3,101.6
2013,Portland Trail Blazers,POR,24.4,33.0,49.0,109.2,91.4,0.512,12.5,0.189,30.2,6.6,4.3,18.5,39.3,0.474,6.4,0.34,33.0,0.512,15.7,20.6,11.0,23.7,13.1,100.7
2013,Sacramento Kings,SAC,25.6,28.0,54.0,111.4,93.6,0.517,13.6,0.227,29.1,8.2,4.2,20.9,39.3,0.472,7.6,0.355,31.7,0.512,18.9,24.1,11.9,25.1,14.7,105.1
2013,San Antonio Spurs,SAS,28.6,58.0,24.0,101.6,94.2,0.48,13.7,0.179,33.2,8.5,5.4,17.4,37.5,0.442,6.3,0.353,31.2,0.466,15.2,20.0,11.1,21.4,14.9,96.6
2013,Toronto Raptors,TOR,25.4,34.0,48.0,107.5,90.4,0.5,13.6,0.247,29.6,7.3,4.8,22.4,36.2,0.458,6.7,0.361,29.6,0.487,19.6,26.2,10.7,21.9,14.3,98.7
2013,Utah Jazz,UTA,26.3,43.0,39.0,106.8,90.9,0.501,14.0,0.226,30.0,8.4,6.3,21.3,36.6,0.458,6.8,0.37,29.8,0.485,18.0,23.8,11.0,20.6,14.7,98.1
2013,Washington Wizards,WAS,25.4,29.0,53.0,103.0,92.2,0.483,13.7,0.206,32.3,7.3,4.6,20.5,35.9,0.44,7.1,0.349,28.8,0.47,16.8,22.8,11.0,21.5,14.5,95.8
2014,Atlanta Hawks,ATL,27.5,38.0,44.0,106.4,94.6,0.51,14.0,0.196,31.3,8.3,4.0,19.2,38.6,0.462,8.0,0.365,30.6,0.497,16.4,21.9,10.8,23.2,15.2,101.5
2014,Boston Celtics,BOS,25.4,25.0,57.0,107.7,93.3,0.505,13.4,0.227,30.5,7.1,4.2,21.3,37.8,0.465,6.6,0.347,31.2,0.5,18.5,24.3,10.6,22.1,14.2,100.7
2014,Brooklyn Nets,BRK,30.0,44.0,38.0,107.7,91.4,0.509,14.9,0.236,29.4,8.6,3.8,21.7,36.3,0.458,8.1,0.367,28.3,0.492,18.8,24.7,11.2,21.0,15.8,99.5
2014,Charlotte Bobcats,CHA,25.5,43.0,39.0,103.8,92.4,0.491,12.6,0.183,33.2,6.1,5.1,18.2,36.9,0.442,8.1,0.369,28.7,0.468,15.3,20.1,9.6,21.0,13.3,97.1
2014,Chicago Bulls,CHI,28.6,48.0,34.0,100.5,90.2,0.471,13.7,0.189,32.7,7.2,5.2,19.1,35.0,0.43,6.6,0.351,28.4,0.454,15.3,20.3,10.7,19.6,14.4,91.8
2014,Cleveland Cavaliers,CLE,24.9,33.0,49.0,107.7,93.1,0.508,13.0,0.199,32.1,7.1,3.7,20.0,37.8,0.452,9.3,0.367,28.4,0.49,16.6,22.0,10.3,24.8,14.0,101.5
2014,Dallas Mavericks,DAL,30.6,49.0,33.0,108.7,93.5,0.515,14.8,0.229,30.7,8.6,4.3,20.0,37.8,0.464,8.3,0.359,29.5,0.505,18.7,24.6,11.5,22.0,16.0,102.4
2014,Denver Nuggets,DEN,26.0,36.0,46.0,108.2,98.1,0.5,12.8,0.233,33.1,7.5,5.6,23.0,39.5,0.457,7.4,0.351,32.1,0.491,20.2,26.4,11.3,22.5,14.4,106.5
2014,Detroit Pistons,DET,24.7,29.0,53.0,109.7,94.9,0.52,13.8,0.218,30.8,8.4,4.8,20.3,39.1,0.47,8.3,0.365,30.8,0.51,18.1,24.0,11.1,24.4,15.0,104.7
2014,Golden State Warriors,GSW,26.3,51.0,31.0,102.6,96.2,0.477,13.6,0.224,34.4,7.8,5.0,21.8,36.8,0.436,6.9,0.344,29.9,0.465,18.9,24.7,10.7,20.5,15.0,99.5
2014,Houston Rockets,HOU,25.4,54.0,28.0,106.3,96.3,0.489,12.5,0.193,34.1,7.6,5.6,20.4,39.0,0.443,8.1,0.353,30.9,0.475,17.0,22.5,11.9,22.2,14.0,103.1
2014,Indiana Pacers,IND,27.2,56.0,26.0,99.3,92.5,0.46,12.9,0.197,34.5,6.7,5.4,20.4,34.8,0.42,6.6,0.345,28.2,0.443,16.3,21.6,10.4,18.6,13.7,92.3
2014,League Average,,26.6,,,106.7,93.9,0.501,13.6,0.215,31.8,7.7,4.7,20.7,37.7,0.454,7.7,0.36,30.0,0.488,17.8,23.6,10.9,22.0,14.6,101.0
2014,Los Angeles Clippers,LAC,28.1,57.0,25.0,104.8,95.9,0.484,13.8,0.222,32.5,8.6,4.8,21.5,37.4,0.441,7.3,0.332,30.2,0.479,18.9,25.0,12.3,23.3,15.4,101.0
2014,Los Angeles Lakers,LAL,26.8,27.0,55.0,110.6,98.7,0.513,12.4,0.192,32.0,7.5,5.4,19.8,42.0,0.468,8.1,0.361,33.8,0.504,17.2,23.7,13.0,25.8,14.2,109.2
2014,Memphis Grizzlies,MEM,28.5,50.0,32.0,104.6,89.9,0.497,13.8,0.199,30.8,7.7,4.6,19.1,35.7,0.45,7.5,0.355,28.2,0.484,15.8,20.6,9.9,19.9,14.2,94.6
2014,Miami Heat,MIA,30.6,54.0,28.0,105.8,91.2,0.511,15.8,0.212,29.2,8.9,4.5,19.5,36.1,0.457,8.5,0.362,27.6,0.497,16.8,22.3,10.8,21.4,16.7,97.4
2014,Milwaukee Bucks,MIL,24.7,15.0,67.0,111.8,91.8,0.52,13.2,0.225,29.3,6.6,4.9,20.9,38.4,0.468,8.5,0.382,29.9,0.5,18.4,24.5,11.7,22.8,14.1,103.7
2014,Minnesota Timberwolves,MIN,26.3,40.0,42.0,106.2,97.3,0.518,14.8,0.177,32.2,8.8,3.6,18.3,40.5,0.471,8.1,0.364,32.4,0.508,15.2,20.1,11.1,22.9,16.4,104.3
2014,New Orleans Pelicans,NOP,24.3,34.0,48.0,110.1,92.2,0.515,13.6,0.249,30.3,7.9,6.4,22.6,37.3,0.465,8.0,0.357,29.3,0.507,20.0,26.5,10.7,22.5,14.5,102.4
2014,New York Knicks,NYK,28.3,37.0,45.0,109.1,90.3,0.514,14.0,0.245,29.7,7.7,4.5,22.1,35.8,0.458,8.7,0.371,27.1,0.496,19.1,25.0,10.3,19.7,14.5,99.4
2014,Oklahoma City Thunder,OKC,26.2,59.0,23.0,103.9,95.4,0.488,13.9,0.221,33.9,8.3,6.1,22.7,36.4,0.436,8.6,0.358,27.8,0.468,18.4,25.4,11.0,21.8,15.2,99.8
2014,Orlando Magic,ORL,24.6,23.0,59.0,107.4,93.6,0.504,13.0,0.211,32.4,7.7,4.3,20.5,38.1,0.456,8.0,0.371,30.1,0.485,17.7,22.9,10.5,22.5,14.0,102.0
2014,Philadelphia 76ers,PHI,23.4,19.0,63.0,109.9,99.2,0.524,14.9,0.244,31.2,9.3,4.0,22.5,40.0,0.471,9.0,0.37,31.0,0.511,20.8,27.6,11.9,26.1,17.0,109.9
2014,Phoenix Suns,PHO,26.2,48.0,34.0,106.7,95.8,0.496,13.9,0.237,31.7,8.4,4.6,21.9,38.0,0.456,6.8,0.341,31.2,0.492,19.8,25.8,11.3,20.3,15.3,102.6
2014,Portland Trail Blazers,POR,25.8,54.0,28.0,107.4,94.9,0.488,11.0,0.194,34.0,5.5,4.7,19.2,39.6,0.451,6.5,0.355,33.1,0.476,17.0,22.2,11.5,20.4,12.0,102.8
2014,Sacramento Kings,SAC,24.9,28.0,54.0,108.8,94.4,0.512,12.7,0.234,32.4,7.2,3.9,22.5,37.8,0.461,8.5,0.38,29.4,0.491,19.2,26.1,9.9,23.5,13.6,103.4
2014,San Antonio Spurs,SAS,28.9,62.0,20.0,102.4,95.0,0.482,12.8,0.184,34.0,7.4,5.1,18.2,37.8,0.444,6.5,0.353,31.3,0.469,15.7,20.6,10.5,20.4,13.9,97.6
2014,Toronto Raptors,TOR,25.6,48.0,34.0,105.3,91.8,0.493,14.1,0.237,31.1,7.0,4.2,23.0,36.1,0.45,6.9,0.36,29.1,0.478,19.0,25.3,10.4,21.0,14.9,98.0
2014,Utah Jazz,UTA,24.5,25.0,57.0,111.3,91.4,0.518,12.1,0.227,30.2,7.0,4.5,20.7,38.3,0.473,7.3,0.376,31.0,0.503,18.3,23.7,10.3,21.8,12.6,102.2
2014,Washington Wizards,WAS,26.3,44.0,38.0,104.6,93.2,0.504,15.0,0.22,31.4,8.1,4.6,20.4,37.0,0.458,7.5,0.347,29.6,0.498,17.8,23.3,10.1,22.2,16.0,99.4
2015,Atlanta Hawks,ATL,27.8,60.0,22.0,103.1,93.9,0.492,14.9,0.185,31.8,9.1,4.6,17.8,36.5,0.439,8.8,0.341,27.7,0.483,15.4,20.1,11.6,23.5,16.1,97.1
2015,Boston Celtics,BOS,25.0,40.0,42.0,104.5,95.8,0.494,13.7,0.208,32.7,8.2,3.6,21.2,38.1,0.45,7.4,0.336,30.7,0.49,17.6,23.3,10.9,21.9,15.1,101.2
2015,Brooklyn Nets,BRK,28.6,38.0,44.0,107.4,92.7,0.506,12.9,0.185,32.0,7.0,4.1,19.3,38.4,0.456,8.5,0.358,29.9,0.494,15.6,21.3,11.4,23.7,13.9,100.9
2015,Charlotte Hornets,CHO,26.0,33.0,49.0,103.5,93.0,0.487,12.0,0.188,34.1,6.1,5.5,18.2,36.8,0.44,7.9,0.357,28.9,0.47,15.8,20.4,8.9,22.1,12.6,97.3
2015,Chicago Bulls,CHI,28.8,50.0,32.0,104.3,92.8,0.473,11.3,0.182,34.0,6.3,5.8,18.2,37.7,0.435,6.6,0.335,31.2,0.465,15.7,21.0,11.7,20.2,12.2,97.8
2015,Cleveland Cavaliers,CLE,26.9,53.0,29.0,106.3,92.3,0.502,12.6,0.177,31.9,7.4,4.1,18.4,38.1,0.456,7.7,0.343,30.3,0.497,14.8,19.9,10.8,24.1,13.3,98.7
2015,Dallas Mavericks,DAL,29.9,50.0,32.0,106.4,95.2,0.503,14.7,0.204,31.8,8.1,4.5,20.0,38.0,0.45,9.0,0.364,29.0,0.485,17.3,22.9,12.3,22.3,16.3,102.3
2015,Denver Nuggets,DEN,26.4,30.0,52.0,108.2,96.1,0.504,13.0,0.239,32.4,7.8,4.5,23.0,38.6,0.458,7.7,0.346,30.9,0.498,20.1,26.9,11.0,23.1,14.4,105.0
2015,Detroit Pistons,DET,25.9,32.0,50.0,106.4,92.8,0.502,13.2,0.192,32.1,7.6,4.7,19.0,37.9,0.456,7.7,0.355,30.1,0.491,16.0,20.7,10.7,23.8,14.0,99.5
2015,Golden State Warriors,GSW,26.6,67.0,15.0,101.4,98.3,0.47,14.3,0.217,34.3,9.3,6.0,19.9,37.0,0.428,7.2,0.337,29.7,0.458,18.7,24.5,11.7,21.0,16.2,99.9
2015,Houston Rockets,HOU,27.6,56.0,26.0,103.4,96.5,0.486,14.6,0.208,32.0,9.5,5.0,22.0,37.7,0.443,7.4,0.322,30.3,0.487,17.7,23.6,11.9,21.4,16.4,100.5
2015,Indiana Pacers,IND,28.3,38.0,44.0,103.2,93.2,0.478,12.0,0.217,34.4,6.2,4.6,21.2,36.0,0.435,7.2,0.345,28.8,0.465,17.9,23.8,9.8,19.9,12.7,97.0
2015,League Average,,26.8,,,105.6,93.9,0.496,13.3,0.205,32.4,7.7,4.8,20.2,37.5,0.449,7.8,0.35,29.7,0.485,17.1,22.8,10.9,22.0,14.4,100.0
2015,Los Angeles Clippers,LAC,28.8,56.0,26.0,105.5,94.7,0.493,13.2,0.231,33.1,7.8,5.0,21.3,36.4,0.442,8.3,0.349,28.1,0.481,19.0,25.7,10.6,23.2,14.3,100.1
2015,Los Angeles Lakers,LAL,27.0,21.0,61.0,110.6,94.0,0.518,12.1,0.231,32.3,7.0,4.5,21.2,38.8,0.466,8.5,0.363,30.3,0.507,19.2,25.8,10.0,24.0,13.0,105.3
2015,Memphis Grizzlies,MEM,29.6,55.0,27.0,102.2,92.0,0.492,14.5,0.183,32.1,8.5,4.2,19.1,36.0,0.442,8.1,0.351,27.9,0.478,14.9,20.1,10.5,20.1,15.3,95.1
2015,Miami Heat,MIA,28.5,37.0,45.0,106.7,90.9,0.505,14.2,0.213,30.0,7.8,4.5,20.0,36.1,0.454,8.1,0.353,28.0,0.495,17.0,23.2,10.9,21.3,14.8,97.3
2015,Milwaukee Bucks,MIL,24.6,41.0,41.0,102.2,94.1,0.487,15.9,0.221,31.4,9.6,4.9,22.1,35.6,0.437,8.2,0.342,27.3,0.476,18.0,24.3,11.4,22.3,17.4,97.4
2015,Minnesota Timberwolves,MIN,24.4,16.0,66.0,112.2,94.4,0.537,13.9,0.187,29.3,8.1,4.0,19.2,41.1,0.487,8.5,0.367,32.6,0.531,15.8,20.8,11.6,23.6,15.2,106.5
2015,New Orleans Pelicans,NOP,25.3,45.0,37.0,107.3,91.4,0.496,11.7,0.195,32.0,6.7,6.2,18.7,37.9,0.456,6.5,0.335,31.4,0.494,16.2,21.4,10.6,20.7,12.2,98.6
2015,New York Knicks,NYK,26.9,17.0,65.0,110.0,91.2,0.512,13.3,0.234,29.8,7.0,4.7,21.6,37.0,0.46,8.5,0.38,28.5,0.49,18.8,24.8,11.0,21.7,14.1,101.2
2015,Oklahoma City Thunder,OKC,25.4,45.0,37.0,105.5,95.7,0.489,12.4,0.213,34.7,7.3,5.5,22.3,37.6,0.44,8.3,0.343,29.3,0.479,18.2,24.5,11.2,22.1,13.6,101.8
2015,Orlando Magic,ORL,24.3,25.0,57.0,107.7,93.8,0.514,13.6,0.21,31.8,7.9,3.8,20.9,38.0,0.463,8.3,0.368,29.6,0.499,17.2,22.9,10.1,23.4,14.5,101.4
2015,Philadelphia 76ers,PHI,23.2,18.0,64.0,104.8,95.7,0.497,15.2,0.225,30.9,9.6,5.9,21.7,37.1,0.449,8.0,0.35,29.1,0.487,18.7,24.7,11.5,23.7,16.8,101.0
2015,Phoenix Suns,PHO,25.7,39.0,43.0,106.2,96.3,0.497,14.0,0.221,32.2,8.5,4.7,21.3,38.4,0.452,7.7,0.352,30.7,0.486,18.8,24.8,11.6,21.1,15.6,103.3
2015,Portland Trail Blazers,POR,27.0,51.0,31.0,103.7,94.2,0.476,11.3,0.182,35.1,6.4,4.5,18.2,38.2,0.439,6.4,0.338,31.8,0.468,15.8,20.9,11.0,20.4,12.2,98.6
2015,Sacramento Kings,SAC,26.0,29.0,53.0,109.2,95.4,0.507,11.8,0.2,33.3,6.7,4.0,20.7,39.5,0.456,8.8,0.349,30.7,0.5,17.3,23.1,11.0,23.3,12.9,105.0
2015,San Antonio Spurs,SAS,29.8,55.0,27.0,102.0,93.8,0.484,13.3,0.19,33.8,8.0,5.4,19.1,37.1,0.444,6.8,0.36,30.3,0.468,15.9,21.4,9.9,20.7,14.2,97.0
2015,Toronto Raptors,TOR,26.1,49.0,33.0,107.7,92.8,0.506,13.4,0.208,30.8,7.5,4.4,20.9,38.0,0.459,7.7,0.346,30.3,0.501,17.2,23.5,11.2,22.8,14.4,100.9
2015,Utah Jazz,UTA,23.4,38.0,44.0,104.9,90.4,0.491,12.8,0.199,31.9,7.6,6.0,19.3,35.8,0.446,7.4,0.362,28.4,0.474,16.0,21.5,9.9,19.4,13.1,94.9
2015,Washington Wizards,WAS,28.6,46.0,36.0,103.0,93.7,0.481,12.9,0.21,34.2,7.3,4.6,20.8,36.2,0.433,8.0,0.349,28.1,0.465,17.5,23.7,10.0,19.9,14.0,97.8
2016,Atlanta Hawks,ATL,28.2,48.0,34.0,101.4,97.1,0.48,14.4,0.194,33.8,9.1,5.9,19.1,37.1,0.432,8.3,0.338,28.9,0.469,16.7,22.1,11.5,22.0,16.1,99.2
2016,Boston Celtics,BOS,25.2,48.0,34.0,103.6,98.5,0.487,14.6,0.231,33.3,9.2,4.2,21.9,37.5,0.441,7.8,0.336,29.7,0.481,19.7,26.0,11.4,20.9,16.4,102.5
2016,Brooklyn Nets,BRK,26.9,21.0,61.0,110.9,95.2,0.534,13.1,0.176,31.9,7.6,4.0,18.0,40.8,0.479,9.5,0.369,31.3,0.526,15.0,19.6,10.2,24.5,14.2,106.0
2016,Charlotte Hornets,CHO,26.0,48.0,34.0,104.3,95.7,0.496,12.5,0.191,35.0,7.3,5.3,18.1,37.8,0.444,8.9,0.349,28.9,0.485,16.3,21.2,8.9,23.2,13.5,100.7
2016,Chicago Bulls,CHI,27.6,42.0,40.0,106.5,95.7,0.485,10.7,0.182,35.2,6.0,5.7,18.8,39.4,0.441,7.9,0.345,31.5,0.474,16.3,22.1,11.8,22.5,11.9,103.1
2016,Cleveland Cavaliers,CLE,28.1,57.0,25.0,104.5,93.3,0.496,12.6,0.205,33.9,6.7,3.9,20.3,36.8,0.448,7.9,0.347,28.9,0.487,16.8,22.6,9.3,21.4,13.3,98.3
2016,Dallas Mavericks,DAL,30.3,42.0,40.0,107.0,94.3,0.504,12.8,0.198,33.9,6.8,3.7,19.5,38.3,0.451,9.1,0.342,29.3,0.5,16.9,22.8,10.6,22.0,13.9,102.6
2016,Denver Nuggets,DEN,24.7,33.0,49.0,108.9,95.7,0.515,12.6,0.216,33.1,7.4,4.8,21.0,38.8,0.461,9.2,0.371,29.6,0.498,18.2,23.9,9.7,23.5,13.7,105.0
2016,Detroit Pistons,DET,25.0,44.0,38.0,105.5,95.1,0.504,12.5,0.196,33.9,7.0,3.7,19.0,38.8,0.461,7.3,0.355,31.5,0.495,16.5,21.0,8.8,21.5,13.4,101.4
2016,Golden State Warriors,GSW,27.4,73.0,9.0,103.8,99.3,0.479,12.6,0.208,36.2,8.4,6.1,20.7,38.9,0.435,7.8,0.332,31.1,0.472,18.6,24.5,11.4,22.2,14.5,104.1
2016,Houston Rockets,HOU,27.8,41.0,41.0,108.1,97.6,0.516,14.7,0.219,31.7,10.0,5.2,21.8,39.0,0.459,9.7,0.361,29.3,0.504,18.6,24.6,11.8,24.6,16.6,106.4
2016,Indiana Pacers,IND,26.9,45.0,37.0,102.9,96.6,0.489,14.3,0.205,33.9,9.0,4.8,20.0,37.4,0.44,8.3,0.334,29.1,0.484,17.4,23.2,10.7,20.8,15.8,100.5
2016,League Average,,26.8,,,106.4,95.8,0.502,13.2,0.209,33.3,7.8,5.0,20.3,38.2,0.452,8.5,0.354,29.7,0.491,17.7,23.4,10.4,22.3,14.4,102.7
2016,Los Angeles Clippers,LAC,29.7,53.0,29.0,103.8,95.8,0.48,13.8,0.222,33.3,8.6,5.6,21.3,36.8,0.434,7.9,0.338,28.9,0.471,18.8,25.1,11.8,21.2,15.4,100.2
2016,Los Angeles Lakers,LAL,26.5,17.0,65.0,111.6,95.6,0.523,11.6,0.202,32.3,7.2,4.1,20.3,40.5,0.473,8.5,0.347,32.0,0.524,17.3,23.7,10.9,24.7,12.6,106.9
2016,Memphis Grizzlies,MEM,30.5,42.0,40.0,107.8,93.3,0.518,15.2,0.251,30.5,8.8,4.3,21.7,35.9,0.456,9.7,0.365,26.2,0.503,19.7,25.7,10.1,21.9,16.2,101.3
2016,Miami Heat,MIA,28.4,48.0,34.0,104.4,93.6,0.485,12.1,0.196,34.3,6.7,6.5,18.3,37.2,0.442,7.4,0.347,29.9,0.474,16.5,21.5,9.8,20.2,12.9,98.4
2016,Milwaukee Bucks,MIL,23.5,33.0,49.0,108.7,94.2,0.51,14.2,0.221,31.2,8.2,5.8,20.7,37.8,0.454,9.3,0.352,28.4,0.502,18.4,23.9,11.5,24.5,15.5,103.2
2016,Minnesota Timberwolves,MIN,24.6,29.0,53.0,110.1,95.2,0.524,13.6,0.2,31.5,8.0,4.6,20.7,40.0,0.471,9.0,0.355,30.9,0.52,17.0,22.5,10.7,22.6,14.9,106.0
2016,New Orleans Pelicans,NOP,26.6,30.0,52.0,109.5,96.8,0.523,12.7,0.225,33.1,7.7,4.2,20.9,39.2,0.468,9.2,0.369,30.0,0.51,18.8,24.0,8.9,23.2,13.7,106.5
2016,New York Knicks,NYK,27.2,32.0,50.0,107.6,93.4,0.487,10.5,0.204,34.0,5.7,5.7,19.7,38.0,0.443,7.6,0.341,30.3,0.479,17.5,23.2,10.9,20.8,11.3,101.1
2016,Oklahoma City Thunder,OKC,25.8,55.0,27.0,105.6,96.7,0.484,11.7,0.205,35.6,7.4,5.9,20.6,38.4,0.438,8.1,0.342,30.3,0.474,18.0,23.8,11.3,21.5,13.0,102.9
2016,Orlando Magic,ORL,23.9,35.0,47.0,106.8,96.0,0.513,13.8,0.215,33.0,8.2,5.1,20.7,38.4,0.46,8.9,0.359,29.5,0.503,17.9,24.0,10.1,23.2,15.1,103.7
2016,Philadelphia 76ers,PHI,23.3,10.0,72.0,109.2,97.9,0.51,13.5,0.24,31.8,8.3,6.0,21.7,39.7,0.464,7.8,0.359,31.9,0.5,20.5,26.1,11.1,23.4,15.1,107.6
2016,Phoenix Suns,PHO,26.0,23.0,59.0,109.0,98.5,0.523,13.5,0.237,33.3,7.7,3.8,22.7,39.1,0.467,9.4,0.377,29.7,0.505,19.9,26.5,9.9,22.4,14.9,107.5
2016,Portland Trail Blazers,POR,24.3,44.0,38.0,108.0,96.0,0.503,12.1,0.225,33.9,6.9,4.6,21.7,38.4,0.453,8.5,0.371,29.8,0.484,19.0,26.0,10.6,21.6,13.3,104.3
2016,Sacramento Kings,SAC,26.6,33.0,49.0,108.4,100.0,0.521,14.0,0.202,33.7,8.9,4.5,20.4,40.6,0.462,10.2,0.366,30.3,0.508,17.7,23.2,11.3,24.2,16.0,109.1
2016,San Antonio Spurs,SAS,30.3,67.0,15.0,99.0,93.8,0.477,14.1,0.182,34.5,8.3,5.9,17.5,35.7,0.436,6.6,0.331,29.1,0.47,14.9,19.6,9.1,20.8,14.8,92.9
2016,Toronto Raptors,TOR,26.3,56.0,26.0,105.2,92.9,0.498,12.7,0.201,33.2,7.8,5.5,19.6,36.5,0.444,8.7,0.373,27.7,0.473,16.5,22.1,9.5,21.7,13.3,98.2
2016,Utah Jazz,UTA,24.2,40.0,42.0,103.9,91.0,0.495,13.5,0.21,32.5,7.7,5.2,20.2,35.6,0.446,7.9,0.357,27.7,0.48,16.8,22.5,9.3,19.1,14.0,95.9
2016,Washington Wizards,WAS,27.3,41.0,41.0,105.8,98.5,0.515,14.6,0.218,32.8,8.6,3.9,20.8,38.7,0.462,9.0,0.371,29.7,0.498,18.3,23.7,9.4,22.5,16.2,104.6
2017,Atlanta Hawks,ATL,27.9,43.0,39.0,105.7,97.4,0.507,13.8,0.179,34.1,8.2,4.8,18.2,38.8,0.444,10.9,0.357,27.9,0.491,15.6,20.2,10.7,23.4,15.4,104.0
2017,Boston Celtics,BOS,25.9,53.0,29.0,108.4,96.8,0.503,12.6,0.223,32.9,7.5,4.1,20.6,38.6,0.45,9.0,0.332,29.7,0.505,19.1,24.9,10.8,22.6,13.9,105.4
2017,Brooklyn Nets,BRK,26.0,20.0,62.0,110.7,101.3,0.513,11.6,0.212,35.1,7.2,4.7,21.0,41.6,0.458,10.0,0.366,31.7,0.498,19.3,25.0,11.0,23.0,13.3,112.5
2017,Charlotte Hornets,CHO,26.5,36.0,46.0,108.6,95.7,0.523,12.1,0.164,34.8,7.0,4.8,16.6,39.5,0.456,11.6,0.369,27.9,0.506,14.2,18.2,8.9,24.5,13.1,104.7
2017,Chicago Bulls,CHI,26.9,41.0,41.0,107.0,95.3,0.507,12.4,0.169,34.1,7.8,4.8,17.7,39.5,0.456,8.9,0.345,30.5,0.503,14.6,19.0,10.3,23.6,13.4,102.4
2017,Cleveland Cavaliers,CLE,29.2,51.0,31.0,110.3,96.2,0.516,11.4,0.174,34.4,6.6,4.0,18.1,40.6,0.458,10.4,0.361,30.3,0.504,15.5,20.0,11.0,24.7,12.6,107.2
2017,Dallas Mavericks,DAL,27.6,33.0,49.0,108.8,92.2,0.529,14.4,0.218,30.7,7.5,3.7,19.1,37.0,0.469,9.6,0.38,27.4,0.51,17.2,22.3,8.9,21.3,14.9,100.8
2017,Denver Nuggets,DEN,25.2,40.0,42.0,112.7,98.3,0.532,10.9,0.194,34.6,6.9,3.9,19.1,42.1,0.477,9.9,0.375,32.3,0.519,17.1,21.9,9.4,24.0,12.0,111.2
2017,Detroit Pistons,DET,25.4,37.0,45.0,107.1,95.0,0.516,12.1,0.197,34.6,7.0,3.8,17.9,38.3,0.46,9.4,0.366,29.0,0.502,16.4,21.0,8.0,23.5,12.8,102.5
2017,Golden State Warriors,GSW,28.2,67.0,15.0,104.0,99.8,0.486,13.5,0.198,35.0,9.6,6.8,19.3,38.8,0.435,9.0,0.324,29.8,0.485,17.7,23.2,11.7,22.7,15.5,104.3
2017,Houston Rockets,HOU,27.4,55.0,27.0,109.0,100.0,0.519,13.2,0.194,33.5,8.2,4.3,19.9,41.2,0.463,10.0,0.343,31.2,0.522,17.3,22.2,10.7,24.1,15.1,109.6
2017,Indiana Pacers,IND,27.0,42.0,40.0,108.8,95.9,0.512,13.6,0.225,33.0,8.2,5.0,19.5,38.0,0.451,10.4,0.355,27.6,0.501,19.0,24.1,10.7,22.3,14.9,105.3
2017,League Average,,26.6,,,108.8,96.4,0.514,12.7,0.209,33.4,7.7,4.7,19.9,39.0,0.457,9.7,0.358,29.4,0.503,17.8,23.1,10.1,22.6,14.0,105.6
2017,Los Angeles Clippers,LAC,30.0,51.0,31.0,108.2,96.1,0.506,12.1,0.211,34.0,7.5,4.2,19.8,38.6,0.452,9.2,0.35,29.4,0.497,18.0,23.4,10.2,23.1,13.2,104.4
2017,Los Angeles Lakers,LAL,25.1,26.0,56.0,113.0,98.5,0.542,13.0,0.213,32.1,8.2,3.9,20.7,41.5,0.483,10.1,0.37,31.4,0.536,18.3,24.0,10.3,25.7,14.5,111.5
2017,Memphis Grizzlies,MEM,29.5,43.0,39.0,107.1,92.3,0.506,13.6,0.256,32.0,8.0,4.2,22.4,34.9,0.443,9.9,0.354,25.0,0.492,20.2,26.9,9.3,20.1,14.3,100.0
2017,Miami Heat,MIA,26.5,41.0,41.0,106.7,95.2,0.496,12.6,0.22,33.0,7.2,5.7,20.5,37.9,0.45,7.8,0.343,30.1,0.49,18.5,23.7,10.2,19.6,13.7,102.1
2017,Milwaukee Bucks,MIL,25.6,42.0,40.0,109.3,94.5,0.518,13.6,0.215,31.6,8.1,5.3,20.2,38.0,0.458,10.0,0.353,28.0,0.512,17.9,23.2,10.3,24.1,14.7,103.8
2017,Minnesota Timberwolves,MIN,24.0,31.0,51.0,112.0,94.6,0.535,13.2,0.212,31.0,8.0,4.5,20.1,39.6,0.475,9.9,0.366,29.7,0.528,17.6,22.9,9.8,23.1,14.3,106.7
2017,New Orleans Pelicans,NOP,25.7,34.0,48.0,107.4,98.0,0.509,12.4,0.177,35.1,7.8,5.5,18.2,40.1,0.45,10.5,0.353,29.5,0.499,15.8,20.7,10.6,23.4,14.0,106.4
2017,New York Knicks,NYK,27.3,31.0,51.0,111.5,96.0,0.511,11.7,0.214,33.2,7.1,5.5,20.3,39.7,0.455,9.8,0.348,29.9,0.506,18.7,24.2,11.6,21.8,12.9,108.0
2017,Oklahoma City Thunder,OKC,24.7,47.0,35.0,107.5,97.8,0.511,12.5,0.218,34.4,7.9,5.0,20.9,39.2,0.459,8.8,0.356,30.4,0.502,18.6,24.3,9.1,21.4,13.8,105.8
2017,Orlando Magic,ORL,25.3,29.0,53.0,110.5,96.8,0.523,11.9,0.201,33.3,7.1,4.8,19.3,40.3,0.467,9.7,0.367,30.6,0.51,17.4,22.7,9.7,23.6,13.0,107.6
2017,Philadelphia 76ers,PHI,24.6,28.0,54.0,108.9,98.5,0.512,13.5,0.234,33.0,8.4,5.1,21.9,39.6,0.461,8.9,0.357,30.7,0.503,20.1,26.0,10.8,22.7,15.1,108.1
2017,Phoenix Suns,PHO,25.0,24.0,58.0,112.2,100.3,0.525,13.1,0.264,33.1,8.2,4.9,24.8,40.2,0.467,10.1,0.382,30.2,0.504,22.8,29.1,10.2,22.2,14.9,113.3
2017,Portland Trail Blazers,POR,24.8,41.0,41.0,110.8,96.7,0.508,11.6,0.241,33.5,7.0,5.0,21.2,39.2,0.455,9.3,0.37,29.9,0.489,20.8,26.5,10.1,20.6,12.8,108.5
2017,Sacramento Kings,SAC,27.9,32.0,50.0,111.3,94.9,0.528,12.9,0.227,32.3,7.6,4.0,20.3,38.5,0.462,10.9,0.364,27.5,0.517,18.9,24.2,10.1,23.7,14.0,106.7
2017,San Antonio Spurs,SAS,29.6,61.0,21.0,103.5,94.2,0.492,13.5,0.192,33.9,8.0,5.9,18.3,37.0,0.443,8.1,0.344,28.8,0.483,16.0,20.8,9.8,21.4,14.4,98.1
2017,Toronto Raptors,TOR,26.1,51.0,31.0,107.8,94.7,0.507,13.5,0.223,32.6,8.3,4.9,20.8,37.2,0.449,9.7,0.354,27.5,0.495,18.5,23.8,10.1,21.8,14.6,102.6
2017,Utah Jazz,UTA,26.8,51.0,31.0,105.3,91.6,0.493,11.8,0.195,33.8,6.7,5.0,18.8,36.3,0.443,8.2,0.358,28.1,0.476,16.0,20.7,9.0,17.8,12.1,96.8
2017,Washington Wizards,WAS,26.0,49.0,33.0,109.3,97.4,0.524,13.8,0.213,32.6,8.5,4.1,21.3,39.7,0.466,9.9,0.364,29.8,0.514,18.2,24.2,10.6,22.8,15.3,107.4
2018,Atlanta Hawks,ATL,25.4,24.0,58.0,110.6,98.3,0.536,13.6,0.183,32.8,7.8,4.2,19.6,40.7,0.469,11.6,0.377,29.1,0.52,15.9,20.6,10.3,26.1,15.1,108.8
2018,Boston Celtics,BOS,24.7,55.0,27.0,103.9,96.0,0.495,13.0,0.191,35.1,7.4,4.5,19.7,37.4,0.44,9.4,0.339,28.0,0.488,16.3,21.3,9.6,21.3,14.1,100.4
2018,Brooklyn Nets,BRK,25.1,28.0,54.0,110.6,98.9,0.517,11.0,0.201,34.8,6.2,4.8,20.6,41.7,0.466,9.0,0.369,32.6,0.503,17.9,23.4,10.4,21.7,12.4,110.3
2018,Charlotte Hornets,CHO,26.6,36.0,46.0,109.1,98.4,0.532,12.4,0.165,35.4,6.8,4.5,17.2,41.1,0.468,11.3,0.375,29.8,0.516,14.5,18.2,8.4,24.7,13.6,108.0
2018,Chicago Bulls,CHI,24.4,27.0,55.0,110.9,98.3,0.542,12.4,0.184,35.0,7.6,3.5,19.2,41.0,0.472,12.1,0.37,28.9,0.534,15.9,20.2,8.4,25.9,13.6,110.0
2018,Cleveland Cavaliers,CLE,30.6,50.0,32.0,111.9,98.0,0.54,12.2,0.166,33.7,7.1,3.8,18.6,41.8,0.474,11.7,0.368,30.2,0.533,14.6,19.4,9.9,25.9,13.5,109.9
2018,Dallas Mavericks,DAL,27.7,24.0,58.0,109.5,95.6,0.532,12.9,0.193,33.1,7.0,3.8,19.2,39.3,0.469,10.7,0.363,28.6,0.526,16.2,21.4,8.8,23.5,13.7,105.4
2018,Denver Nuggets,DEN,25.1,46.0,36.0,111.0,96.8,0.539,12.6,0.173,33.5,7.6,4.9,18.7,41.3,0.476,10.9,0.378,30.4,0.525,15.0,20.4,9.8,24.7,13.8,108.5
2018,Detroit Pistons,DET,25.9,39.0,43.0,107.3,96.2,0.524,13.7,0.172,33.6,7.7,3.9,18.4,39.1,0.459,11.1,0.359,28.0,0.515,14.6,18.9,9.2,25.2,14.8,103.9
2018,Golden State Warriors,GSW,28.8,58.0,24.0,107.6,99.6,0.504,12.6,0.186,35.1,8.0,7.5,19.6,40.2,0.447,10.4,0.357,29.8,0.49,16.7,22.0,10.9,23.6,14.3,107.5
2018,Houston Rockets,HOU,29.8,65.0,17.0,106.1,97.6,0.521,13.4,0.171,34.5,8.5,4.8,19.5,39.6,0.462,10.1,0.351,29.5,0.519,14.6,19.6,8.7,22.4,14.6,103.9
2018,Indiana Pacers,IND,26.2,48.0,34.0,108.1,96.0,0.527,14.2,0.174,32.7,8.8,4.1,18.8,39.4,0.465,10.6,0.349,28.8,0.53,14.8,19.5,10.2,23.2,15.5,104.2
2018,League Average,,26.6,,,108.6,97.3,0.521,13.0,0.193,33.8,7.7,4.8,19.9,39.6,0.46,10.5,0.362,29.1,0.51,16.6,21.7,9.7,23.2,14.3,106.3
2018,Los Angeles Clippers,LAC,27.0,42.0,40.0,110.2,98.7,0.52,12.6,0.203,33.7,7.7,4.5,20.0,40.2,0.458,10.7,0.356,29.5,0.512,17.8,22.7,10.6,24.6,14.1,109.0
2018,Los Angeles Lakers,LAL,23.7,35.0,47.0,108.0,100.3,0.514,12.5,0.19,35.7,7.7,4.7,21.2,41.0,0.456,10.4,0.346,30.6,0.512,17.1,22.5,10.2,23.6,14.3,109.6
2018,Memphis Grizzlies,MEM,26.0,22.0,60.0,111.0,94.9,0.529,13.8,0.256,31.0,7.5,4.8,23.2,37.1,0.462,10.7,0.368,26.5,0.516,20.6,26.8,9.5,22.1,14.8,105.5
2018,Miami Heat,MIA,26.5,44.0,38.0,106.3,95.6,0.507,13.1,0.215,34.2,7.6,5.3,20.1,37.7,0.45,9.6,0.36,28.1,0.491,18.0,23.0,9.1,21.0,14.1,102.9
2018,Milwaukee Bucks,MIL,25.9,44.0,38.0,110.1,96.2,0.528,14.2,0.22,31.5,8.8,5.4,21.4,39.1,0.468,10.1,0.372,29.0,0.513,18.4,23.5,10.0,23.6,15.6,106.8
2018,Minnesota Timberwolves,MIN,27.1,47.0,35.0,111.1,96.0,0.539,13.9,0.189,31.6,8.4,4.2,18.2,40.2,0.475,10.9,0.366,29.4,0.534,16.0,20.5,9.8,23.9,15.1,107.3
2018,New Orleans Pelicans,NOP,27.6,48.0,34.0,108.3,100.5,0.513,12.5,0.175,35.7,8.0,5.9,19.1,41.7,0.454,10.9,0.355,30.9,0.503,16.1,20.5,10.8,23.7,14.5,110.4
2018,New York Knicks,NYK,26.3,29.0,53.0,110.7,96.8,0.522,12.2,0.208,33.6,6.7,5.1,20.5,39.4,0.457,11.2,0.368,28.2,0.505,18.0,23.2,10.2,24.0,13.4,108.0
2018,Oklahoma City Thunder,OKC,27.3,48.0,34.0,107.2,96.7,0.525,14.7,0.193,32.6,9.1,5.0,20.2,38.5,0.458,11.2,0.367,27.3,0.511,16.2,21.1,9.5,23.3,16.0,104.4
2018,Orlando Magic,ORL,25.6,25.0,57.0,110.1,98.1,0.525,12.8,0.187,32.8,7.6,4.9,19.3,40.9,0.468,10.0,0.362,30.9,0.516,16.4,21.2,10.6,24.4,14.2,108.2
2018,Philadelphia 76ers,PHI,25.8,52.0,30.0,105.0,99.8,0.492,12.6,0.218,36.5,8.3,5.1,22.1,38.0,0.434,10.1,0.342,27.9,0.482,19.1,25.6,10.0,21.7,14.3,105.3
2018,Phoenix Suns,PHO,23.7,21.0,61.0,112.8,100.3,0.533,11.9,0.212,33.9,6.9,4.5,22.0,41.8,0.471,10.9,0.373,30.9,0.519,18.8,24.6,10.4,23.3,13.4,113.3
2018,Portland Trail Blazers,POR,25.6,49.0,33.0,106.4,96.5,0.503,11.7,0.193,35.3,7.0,5.2,19.5,38.4,0.447,9.7,0.364,28.7,0.484,16.6,22.0,9.3,20.2,12.6,103.0
2018,Sacramento Kings,SAC,26.4,27.0,55.0,111.1,94.9,0.542,13.5,0.199,31.4,7.8,4.1,20.0,38.7,0.47,11.9,0.377,26.8,0.527,16.4,21.5,9.1,23.6,14.3,105.8
2018,San Antonio Spurs,SAS,29.3,47.0,35.0,104.8,95.0,0.507,13.2,0.17,33.9,7.7,5.6,17.2,38.2,0.453,9.1,0.348,29.0,0.501,14.3,18.9,9.2,21.8,14.1,99.8
2018,Toronto Raptors,TOR,25.8,59.0,23.0,105.9,97.4,0.501,13.0,0.212,34.2,7.6,6.1,21.7,38.4,0.449,8.9,0.357,29.5,0.486,18.2,23.7,9.8,21.8,14.3,103.9
2018,Utah Jazz,UTA,26.7,48.0,34.0,103.9,95.7,0.506,14.0,0.19,34.2,8.6,5.1,19.6,37.3,0.449,9.5,0.365,27.8,0.488,15.8,20.5,8.7,20.0,14.9,99.8
2018,Washington Wizards,WAS,26.9,43.0,39.0,108.7,96.6,0.522,13.6,0.212,33.1,7.9,4.3,21.3,39.0,0.462,10.2,0.349,28.8,0.522,17.9,23.5,9.8,22.3,14.9,106.0
2019,Atlanta Hawks,ATL,25.1,29.0,53.0,113.9,103.9,0.541,12.8,0.237,34.5,8.2,5.1,23.6,42.8,0.473,12.4,0.359,30.4,0.543,21.5,28.3,10.6,26.9,15.0,119.4
2019,Boston Celtics,BOS,25.7,49.0,33.0,107.8,99.6,0.514,13.4,0.198,34.7,8.6,5.3,20.4,39.5,0.448,11.5,0.344,28.0,0.513,17.4,22.8,10.4,23.7,15.1,108.0
2019,Brooklyn Nets,BRK,25.4,42.0,40.0,109.7,100.8,0.512,11.6,0.19,35.6,6.6,4.1,21.5,42.2,0.456,10.3,0.341,31.9,0.513,17.6,22.8,11.0,23.7,13.5,112.3
2019,Charlotte Hornets,CHO,26.6,39.0,43.0,112.5,98.7,0.538,12.1,0.179,33.9,7.2,4.9,18.9,41.9,0.47,12.1,0.361,29.8,0.536,15.9,20.2,10.1,26.0,13.5,111.8
2019,Chicago Bulls,CHI,24.0,22.0,60.0,113.2,99.0,0.541,11.9,0.188,34.1,7.4,4.3,20.3,42.2,0.473,12.1,0.365,30.2,0.537,16.8,22.0,10.0,25.5,13.3,113.4
2019,Cleveland Cavaliers,CLE,25.2,19.0,63.0,117.6,96.6,0.564,11.5,0.181,31.9,6.5,2.4,20.0,43.2,0.495,12.0,0.38,31.2,0.561,15.8,20.5,9.5,25.7,12.5,114.1
2019,Dallas Mavericks,DAL,26.9,33.0,49.0,110.7,99.0,0.522,11.6,0.191,35.2,6.5,4.3,20.1,40.9,0.459,11.2,0.344,29.7,0.525,17.1,22.0,10.2,24.5,13.0,110.1
2019,Denver Nuggets,DEN,24.9,54.0,28.0,108.9,97.7,0.521,12.3,0.194,34.5,7.7,4.4,20.0,39.6,0.458,10.8,0.339,28.8,0.528,16.7,22.2,9.7,24.6,13.5,106.7
2019,Detroit Pistons,DET,26.9,41.0,41.0,109.2,97.4,0.526,12.8,0.211,33.6,6.9,4.0,22.1,39.9,0.469,9.6,0.345,30.3,0.53,17.9,23.7,9.1,23.7,14.1,107.3
2019,Golden State Warriors,GSW,28.4,57.0,25.0,109.5,100.9,0.508,11.7,0.205,36.5,7.6,6.4,21.4,40.4,0.444,11.6,0.347,28.8,0.5,18.7,24.2,10.8,24.3,13.5,111.2
2019,Houston Rockets,HOU,29.2,53.0,29.0,110.7,97.9,0.525,13.4,0.21,31.9,8.5,4.9,22.0,40.4,0.466,10.1,0.34,30.3,0.532,18.2,23.7,11.0,23.5,15.0,109.1
2019,Indiana Pacers,IND,27.0,48.0,34.0,106.5,98.1,0.516,14.1,0.184,33.7,8.7,4.9,19.4,38.7,0.45,11.4,0.354,27.4,0.507,15.8,21.0,10.5,24.5,15.7,104.7
2019,League Average,,26.4,,,110.4,100.0,0.524,12.4,0.198,34.8,7.6,5.0,20.9,41.1,0.461,11.4,0.355,29.7,0.52,17.7,23.1,10.3,24.6,14.1,111.2
2019,Los Angeles Clippers,LAC,27.2,48.0,34.0,111.5,101.7,0.514,11.4,0.224,35.8,6.8,4.7,23.3,41.7,0.457,10.4,0.343,31.4,0.513,20.5,26.3,11.3,24.1,13.2,114.3
2019,Los Angeles Lakers,LAL,26.2,37.0,45.0,109.5,103.2,0.516,12.2,0.192,36.4,7.5,5.4,20.7,41.9,0.452,11.8,0.349,30.1,0.511,17.8,22.7,11.3,25.0,14.2,113.5
2019,Memphis Grizzlies,MEM,27.7,33.0,49.0,108.8,96.6,0.521,13.9,0.232,33.0,8.3,5.5,22.0,37.6,0.451,11.6,0.36,26.0,0.508,19.3,24.7,9.5,23.4,15.2,106.1
2019,Miami Heat,MIA,27.0,39.0,43.0,107.6,98.2,0.51,12.7,0.201,35.1,7.6,5.5,20.9,38.3,0.441,11.9,0.358,26.4,0.493,17.5,22.7,10.1,23.3,14.1,105.9
2019,Milwaukee Bucks,MIL,26.9,60.0,22.0,105.2,103.3,0.503,11.5,0.162,40.4,7.5,5.9,19.6,40.5,0.433,13.1,0.361,27.4,0.479,15.1,20.7,9.9,24.8,13.4,109.3
2019,Minnesota Timberwolves,MIN,26.2,36.0,46.0,112.9,100.2,0.538,12.9,0.19,33.5,8.3,5.0,20.3,42.1,0.467,12.7,0.378,29.4,0.52,17.1,22.3,11.2,26.2,14.7,114.0
2019,New Orleans Pelicans,NOP,25.7,33.0,49.0,112.6,103.3,0.532,11.6,0.193,36.2,7.4,5.4,21.1,43.3,0.466,12.3,0.364,31.0,0.525,17.9,23.5,11.0,26.5,13.6,116.8
2019,New York Knicks,NYK,23.4,17.0,65.0,113.7,99.6,0.533,11.7,0.203,34.3,6.8,5.1,20.9,41.9,0.467,11.8,0.363,30.1,0.527,18.2,23.8,10.7,25.6,13.2,113.8
2019,Oklahoma City Thunder,OKC,25.7,49.0,33.0,107.0,102.8,0.523,14.4,0.206,35.5,9.3,5.2,22.4,40.8,0.46,11.2,0.356,29.5,0.517,18.3,24.0,9.9,24.9,16.7,111.1
2019,Orlando Magic,ORL,25.7,42.0,40.0,108.1,98.1,0.515,11.8,0.186,35.4,6.6,5.4,18.6,39.9,0.456,10.5,0.347,29.5,0.513,16.3,20.9,9.0,23.1,13.0,106.6
2019,Philadelphia 76ers,PHI,26.4,51.0,31.0,110.0,101.6,0.512,11.1,0.206,36.9,7.4,5.3,21.3,41.7,0.455,10.3,0.342,31.4,0.511,18.8,24.5,10.0,23.4,12.7,112.5
2019,Phoenix Suns,PHO,24.0,19.0,63.0,115.1,100.5,0.545,13.5,0.236,31.3,9.0,5.1,23.6,42.5,0.482,11.1,0.372,31.3,0.538,20.8,27.6,11.8,25.9,15.7,116.8
2019,Portland Trail Blazers,POR,26.2,53.0,29.0,110.5,99.1,0.516,11.0,0.195,36.2,6.7,5.0,20.4,41.1,0.457,10.7,0.359,30.4,0.505,17.5,22.8,10.3,23.2,12.4,110.5
2019,Sacramento Kings,SAC,24.8,39.0,43.0,111.5,103.1,0.533,13.6,0.207,34.4,8.3,4.4,21.4,42.3,0.466,12.0,0.348,30.2,0.54,18.8,24.4,11.2,24.7,15.9,115.3
2019,San Antonio Spurs,SAS,28.8,48.0,34.0,111.2,98.3,0.528,11.0,0.17,35.5,6.1,4.7,18.1,41.5,0.463,11.7,0.359,29.8,0.522,15.2,20.2,9.2,24.7,12.2,110.0
2019,Toronto Raptors,TOR,27.3,58.0,24.0,107.1,100.2,0.509,13.1,0.19,35.6,8.3,5.3,21.0,40.3,0.449,10.8,0.345,29.5,0.505,17.1,22.3,10.6,24.5,14.9,108.4
2019,Utah Jazz,UTA,27.3,50.0,32.0,105.7,100.3,0.507,12.4,0.189,36.4,8.1,5.9,21.1,40.0,0.452,9.8,0.355,30.1,0.496,16.7,22.2,8.9,21.6,13.9,106.5
2019,Washington Wizards,WAS,26.5,32.0,50.0,113.9,101.4,0.546,13.5,0.199,32.7,8.3,4.6,20.7,43.4,0.48,12.1,0.37,31.3,0.542,18.0,23.1,11.4,26.2,15.8,116.9
2020,Atlanta Hawks,ATL,24.1,20.0,47.0,114.8,103.0,0.543,12.7,0.233,33.4,7.8,5.1,23.1,43.3,0.478,11.9,0.363,31.4,0.542,21.2,27.4,11.2,25.0,15.0,119.7
2020,Boston Celtics,BOS,25.3,48.0,24.0,107.0,99.5,0.509,13.5,0.215,35.4,8.3,5.6,21.6,38.4,0.441,11.8,0.34,26.6,0.508,18.8,24.5,10.3,22.4,15.2,107.3
2020,Brooklyn Nets,BRK,26.3,35.0,37.0,109.5,101.4,0.511,11.0,0.187,37.3,6.4,4.5,21.0,41.4,0.446,12.2,0.35,29.2,0.503,17.4,22.6,10.6,22.6,12.8,112.3
2020,Charlotte Hornets,CHO,24.3,23.0,42.0,113.3,95.8,0.546,13.1,0.159,31.8,6.6,4.1,18.8,41.7,0.476,12.4,0.352,29.3,0.558,14.0,18.4,10.9,26.6,14.4,109.6
2020,Chicago Bulls,CHI,24.4,22.0,43.0,109.8,99.7,0.546,16.3,0.239,31.4,10.0,4.1,21.8,39.5,0.479,11.2,0.353,28.3,0.557,19.7,26.0,10.2,25.4,18.3,109.9
2020,Cleveland Cavaliers,CLE,25.0,19.0,46.0,115.4,98.7,0.56,11.7,0.164,33.4,6.9,3.2,18.3,43.9,0.491,12.4,0.375,31.5,0.558,14.7,19.2,9.7,26.1,13.0,114.8
2020,Dallas Mavericks,DAL,26.1,43.0,32.0,111.7,99.3,0.525,10.6,0.175,36.4,6.1,4.8,19.5,41.9,0.458,12.3,0.351,29.7,0.523,16.0,21.0,10.4,23.9,11.9,112.1
2020,Denver Nuggets,DEN,25.6,46.0,27.0,111.0,97.1,0.533,12.9,0.198,33.4,8.0,4.6,20.3,40.0,0.463,12.1,0.358,27.9,0.53,17.1,22.5,10.1,25.4,14.3,109.2
2020,Detroit Pistons,DET,25.9,20.0,46.0,112.7,97.6,0.541,12.7,0.186,32.0,7.4,4.5,19.7,41.9,0.48,10.7,0.361,31.3,0.541,16.2,20.9,10.1,24.6,14.0,110.8
2020,Golden State Warriors,GSW,24.4,15.0,50.0,113.8,100.3,0.553,13.7,0.193,32.9,8.2,4.6,20.1,42.2,0.476,13.5,0.389,28.7,0.533,17.1,21.9,10.2,26.1,15.6,115.0
2020,Houston Rockets,HOU,29.2,44.0,28.0,110.1,103.7,0.529,13.7,0.197,34.5,8.7,5.2,21.8,42.3,0.462,12.2,0.349,30.1,0.532,18.0,23.7,11.2,25.3,16.2,114.8
2020,Indiana Pacers,IND,25.6,45.0,28.0,108.0,98.9,0.511,13.0,0.192,34.1,7.4,5.2,19.8,39.5,0.446,11.5,0.341,28.0,0.511,17.0,21.6,10.4,23.1,14.7,107.5
2020,League Average,,26.2,,,110.6,100.3,0.529,12.8,0.201,34.8,7.6,4.9,20.8,40.9,0.46,12.2,0.358,28.7,0.524,17.9,23.1,10.1,24.4,14.5,111.8
2020,Los Angeles Clippers,LAC,27.4,49.0,23.0,107.6,101.5,0.506,12.2,0.206,37.0,7.1,4.7,22.1,39.5,0.438,12.3,0.345,27.2,0.499,18.5,24.5,10.7,23.7,14.1,109.9
2020,Los Angeles Lakers,LAL,29.5,52.0,19.0,106.3,100.9,0.515,14.1,0.205,35.1,8.6,6.6,20.7,39.1,0.448,11.6,0.349,27.4,0.51,17.9,22.9,9.4,23.4,15.9,107.6
2020,Memphis Grizzlies,MEM,24.1,34.0,39.0,110.3,102.8,0.521,12.7,0.217,36.2,7.9,5.5,21.2,40.6,0.45,12.9,0.365,27.7,0.504,19.6,25.0,10.4,24.8,14.8,113.7
2020,Miami Heat,MIA,25.9,44.0,29.0,109.5,98.3,0.523,12.6,0.213,35.9,7.5,4.5,20.6,38.8,0.448,13.1,0.347,25.7,0.525,18.4,23.6,9.2,24.6,14.0,109.1
2020,Milwaukee Bucks,MIL,29.2,56.0,17.0,102.9,105.1,0.489,12.0,0.178,42.2,7.2,5.9,19.6,38.9,0.414,14.0,0.355,25.0,0.457,16.7,21.2,9.5,24.2,14.1,108.6
2020,Minnesota Timberwolves,MIN,24.8,19.0,45.0,112.2,103.4,0.541,13.2,0.218,34.3,8.7,5.7,21.4,43.1,0.477,11.6,0.363,31.6,0.539,19.7,25.2,10.1,24.4,15.5,117.5
2020,New Orleans Pelicans,NOP,25.4,30.0,42.0,111.9,103.7,0.532,12.4,0.212,35.4,7.5,5.0,21.2,42.7,0.465,12.2,0.361,30.5,0.526,19.4,24.7,10.1,24.5,14.5,117.1
2020,New York Knicks,NYK,24.5,21.0,45.0,113.0,98.6,0.541,12.4,0.224,34.5,7.6,4.7,22.2,39.9,0.463,13.3,0.381,26.6,0.52,19.2,25.7,9.6,24.3,13.7,112.3
2020,Oklahoma City Thunder,OKC,25.5,44.0,28.0,108.8,98.8,0.518,12.6,0.173,34.7,7.6,4.9,19.3,40.8,0.455,11.3,0.34,29.5,0.523,15.5,19.6,10.5,23.0,14.2,108.4
2020,Orlando Magic,ORL,26.1,33.0,40.0,109.5,98.6,0.535,13.2,0.176,34.2,8.2,5.4,18.3,40.4,0.465,12.2,0.364,28.2,0.529,15.3,19.8,9.0,24.7,14.6,108.3
2020,Philadelphia 76ers,PHI,26.3,43.0,30.0,109.0,99.0,0.523,12.5,0.214,35.0,8.0,5.3,20.9,39.8,0.463,10.4,0.353,29.4,0.52,18.4,24.5,8.6,22.8,13.8,108.4
2020,Phoenix Suns,PHO,24.6,34.0,39.0,111.4,101.3,0.539,13.7,0.221,33.8,7.7,4.0,22.0,41.2,0.472,11.6,0.363,29.6,0.535,19.3,24.5,9.1,23.6,15.6,113.4
2020,Portland Trail Blazers,POR,27.5,35.0,39.0,114.8,100.7,0.53,11.2,0.208,35.1,6.3,6.1,21.7,41.8,0.456,13.6,0.383,28.2,0.501,19.1,24.7,11.5,24.9,12.9,116.1
2020,Sacramento Kings,SAC,27.0,31.0,41.0,112.2,98.9,0.543,13.6,0.225,32.9,7.7,4.1,22.2,40.3,0.471,12.4,0.357,27.8,0.549,19.2,24.3,9.1,24.9,15.2,112.1
2020,San Antonio Spurs,SAS,27.6,32.0,39.0,113.5,100.5,0.542,11.7,0.193,35.6,7.3,5.5,19.4,42.3,0.469,13.1,0.373,29.2,0.53,17.4,22.5,9.4,25.7,13.2,115.2
2020,Toronto Raptors,TOR,26.6,53.0,19.0,105.0,100.9,0.502,14.6,0.202,35.9,8.8,5.0,21.7,37.8,0.428,13.1,0.337,24.7,0.499,17.8,23.2,10.9,25.6,16.8,106.5
2020,Utah Jazz,UTA,27.3,44.0,28.0,109.9,98.6,0.518,11.1,0.185,35.8,6.1,4.1,20.4,40.7,0.457,11.0,0.353,29.7,0.512,16.5,21.5,9.6,21.5,12.3,108.8
2020,Washington Wizards,WAS,25.1,25.0,47.0,115.5,102.7,0.558,13.9,0.231,31.9,8.0,4.3,22.7,43.1,0.488,12.4,0.376,30.7,0.555,20.4,26.3,10.5,25.2,16.2,119.1
2021,Atlanta Hawks,ATL,25.4,41.0,31.0,113.3,97.6,0.53,11.1,0.19,35.1,7.0,4.8,19.3,41.3,0.463,11.9,0.349,29.3,0.534,16.9,21.1,10.0,24.4,12.3,111.4
2021,Boston Celtics,BOS,25.1,36.0,36.0,112.5,98.3,0.539,12.8,0.215,33.6,7.7,5.3,20.4,39.9,0.464,12.8,0.374,27.1,0.524,18.5,23.5,9.4,24.1,14.1,111.2
2021,Brooklyn Nets,BRK,28.2,48.0,24.0,113.8,99.5,0.531,11.1,0.187,35.5,6.7,5.3,19.0,41.9,0.459,13.2,0.365,28.7,0.521,17.1,22.0,10.5,24.0,12.6,114.1
2021,Charlotte Hornets,CHO,24.6,33.0,39.0,112.8,98.3,0.55,13.2,0.163,33.2,7.8,4.8,18.0,41.3,0.468,14.5,0.366,26.8,0.552,14.4,19.3,10.6,27.1,14.8,111.4
2021,Chicago Bulls,CHI,25.6,31.0,41.0,112.0,99.0,0.538,11.6,0.196,35.3,6.7,4.2,18.9,41.4,0.473,11.5,0.356,29.9,0.541,17.2,22.2,8.7,24.1,12.7,111.6
2021,Cleveland Cavaliers,CLE,24.0,22.0,50.0,114.4,97.3,0.556,13.0,0.183,32.3,7.8,4.5,18.2,42.0,0.484,12.4,0.383,29.6,0.545,15.9,20.4,9.9,25.4,14.3,112.3
2021,Dallas Mavericks,DAL,26.3,42.0,30.0,113.0,97.3,0.534,11.5,0.197,34.2,6.3,4.3,19.4,40.1,0.46,12.8,0.365,27.2,0.525,17.2,22.5,9.8,22.7,12.6,110.2
2021,Denver Nuggets,DEN,26.1,47.0,25.0,112.1,97.1,0.545,12.9,0.2,33.9,8.1,4.5,19.1,40.0,0.469,13.0,0.363,27.1,0.545,17.1,22.1,9.1,25.9,14.1,110.1
2021,Detroit Pistons,DET,24.5,20.0,52.0,112.5,97.9,0.541,12.6,0.195,33.1,7.4,5.2,20.5,41.4,0.476,11.3,0.362,30.0,0.541,17.0,22.3,10.0,24.8,13.9,111.1
2021,Golden State Warriors,GSW,26.7,39.0,33.0,110.1,102.2,0.522,13.1,0.223,35.1,8.2,4.8,21.2,40.2,0.452,12.4,0.359,27.9,0.511,19.8,25.5,10.7,23.8,15.0,112.7
2021,Houston Rockets,HOU,26.5,17.0,55.0,114.9,101.4,0.555,12.9,0.201,33.3,7.6,5.0,19.5,42.7,0.48,13.4,0.382,29.3,0.544,17.9,22.8,9.9,25.8,14.7,116.7
2021,Indiana Pacers,IND,26.5,34.0,38.0,112.4,101.6,0.531,12.7,0.201,33.7,8.5,6.4,20.2,42.7,0.468,11.5,0.366,31.2,0.521,18.4,23.5,11.3,26.1,14.8,115.3
2021,Los Angeles Clippers,LAC,28.8,47.0,25.0,111.2,96.9,0.531,11.9,0.186,34.7,7.1,4.1,19.2,40.1,0.464,11.6,0.356,28.5,0.529,16.1,20.7,9.2,22.9,12.8,107.8
2021,Los Angeles Lakers,LAL,28.2,42.0,30.0,107.1,98.7,0.526,13.7,0.184,34.6,7.8,5.4,19.1,39.8,0.46,11.4,0.352,28.4,0.524,15.9,20.5,8.8,24.7,15.2,106.8
2021,Memphis Grizzlies,MEM,24.2,38.0,34.0,111.0,100.4,0.535,13.1,0.196,35.3,9.1,5.1,18.7,41.0,0.462,12.9,0.367,28.2,0.525,17.4,22.1,9.8,25.4,14.8,112.3
2021,Miami Heat,MIA,27.4,40.0,32.0,111.2,96.6,0.542,13.8,0.183,33.5,7.9,4.0,18.9,39.1,0.459,14.3,0.365,24.8,0.538,15.6,19.9,9.5,25.8,15.1,108.0
2021,Milwaukee Bucks,MIL,28.1,46.0,26.0,111.4,102.2,0.536,11.5,0.157,37.8,8.1,4.6,17.3,42.4,0.456,14.8,0.384,27.6,0.507,14.6,18.8,9.6,25.1,13.2,114.2
2021,Minnesota Timberwolves,MIN,23.2,23.0,49.0,115.0,101.6,0.556,13.3,0.207,33.0,8.8,5.5,20.9,43.0,0.482,13.1,0.392,29.9,0.536,18.5,23.5,10.0,26.8,15.3,117.7
2021,New Orleans Pelicans,NOP,24.8,31.0,41.0,113.8,100.1,0.55,11.9,0.186,35.7,7.6,4.4,18.0,41.9,0.469,14.5,0.38,27.4,0.535,16.6,21.1,8.9,25.9,13.3,114.9
2021,New York Knicks,NYK,25.6,41.0,31.0,108.2,95.9,0.509,11.7,0.196,35.5,7.0,5.1,20.5,37.9,0.44,12.0,0.337,25.9,0.512,16.9,22.2,9.7,23.6,12.8,104.7
2021,Oklahoma City Thunder,OKC,22.8,22.0,50.0,114.0,101.0,0.547,11.5,0.167,35.7,7.0,4.4,18.1,43.4,0.473,13.6,0.364,29.8,0.548,15.3,19.8,10.1,25.8,13.1,115.6
2021,Orlando Magic,ORL,25.6,21.0,51.0,114.5,98.7,0.547,11.5,0.169,35.1,6.9,4.4,17.2,42.2,0.471,13.7,0.373,28.5,0.539,15.2,19.3,9.8,26.0,12.7,113.3
2021,Philadelphia 76ers,PHI,27.1,49.0,23.0,107.6,99.5,0.521,13.8,0.2,35.0,9.1,6.2,20.2,39.4,0.453,11.9,0.36,27.5,0.51,17.4,22.8,9.8,23.5,15.6,108.1
2021,Phoenix Suns,PHO,26.6,51.0,21.0,111.3,97.2,0.534,12.4,0.194,34.2,7.2,4.3,19.1,40.5,0.467,11.6,0.354,28.9,0.535,16.8,21.7,9.4,22.9,13.6,109.5
2021,Portland Trail Blazers,POR,27.4,42.0,30.0,116.0,98.4,0.546,11.2,0.203,33.9,6.9,5.0,18.9,41.8,0.473,12.9,0.372,28.9,0.538,17.9,22.8,9.9,24.9,12.4,114.3
2021,Sacramento Kings,SAC,25.6,31.0,41.0,117.2,100.0,0.557,12.1,0.199,32.0,7.5,5.0,19.4,43.6,0.488,12.4,0.38,31.2,0.549,17.8,22.7,10.7,25.3,13.7,117.4
2021,San Antonio Spurs,SAS,26.2,33.0,39.0,112.8,98.9,0.541,11.8,0.174,34.6,7.0,5.1,18.0,42.4,0.472,12.3,0.377,30.1,0.527,15.7,20.7,10.2,24.8,13.2,112.8
2021,Toronto Raptors,TOR,26.6,27.0,45.0,112.5,99.2,0.543,14.4,0.234,32.1,8.6,5.4,21.2,39.0,0.461,13.9,0.379,25.1,0.523,19.8,24.8,10.0,26.0,16.1,111.7
2021,Utah Jazz,UTA,28.5,52.0,20.0,108.3,98.5,0.507,10.3,0.159,37.6,6.6,5.2,18.5,40.9,0.447,10.9,0.341,30.0,0.504,14.5,18.9,9.8,22.3,11.5,107.2
2021,Washington Wizards,WAS,26.6,34.0,38.0,113.0,104.1,0.539,12.5,0.217,35.5,7.3,4.1,21.6,43.1,0.471,12.4,0.369,30.7,0.529,19.8,25.4,10.3,24.5,14.7,118.5
2022,Atlanta Hawks,ATL,26.1,43.0,39.0,114.9,97.7,0.543,11.5,0.177,33.9,7.2,4.2,18.7,41.9,0.471,12.8,0.364,29.1,0.541,15.8,19.9,10.2,25.4,12.8,112.4
2022,Boston Celtics,BOS,26.1,51.0,31.0,106.9,96.6,0.502,12.5,0.183,35.5,7.2,5.8,18.5,38.3,0.434,11.8,0.339,26.4,0.497,16.1,20.6,10.5,21.6,13.8,104.5
2022,Brooklyn Nets,BRK,29.1,44.0,38.0,112.8,99.0,0.521,11.7,0.201,34.1,7.1,5.5,20.4,40.7,0.452,12.5,0.345,28.2,0.523,18.1,23.0,11.3,23.8,13.3,112.1
2022,Charlotte Hornets,CHO,25.5,43.0,39.0,113.7,100.0,0.544,13.1,0.187,33.7,8.6,4.9,19.9,42.0,0.466,14.0,0.362,28.0,0.544,16.9,22.1,11.4,26.5,15.0,114.9
2022,Chicago Bulls,CHI,26.3,46.0,36.0,113.6,98.3,0.541,11.9,0.199,33.7,7.1,4.1,18.8,41.4,0.474,11.7,0.366,29.7,0.536,17.4,21.9,9.3,25.0,13.1,112.0
2022,Cleveland Cavaliers,CLE,24.7,44.0,38.0,109.7,96.1,0.52,12.3,0.172,34.0,7.1,4.2,17.5,39.5,0.452,11.7,0.353,27.8,0.514,15.0,19.4,10.5,24.1,13.4,105.7
2022,Dallas Mavericks,DAL,26.7,52.0,30.0,109.4,95.4,0.521,12.2,0.185,33.8,6.7,4.0,19.7,39.0,0.457,10.9,0.34,28.1,0.527,15.8,20.6,9.5,23.5,13.1,104.7
2022,Denver Nuggets,DEN,27.7,48.0,34.0,112.1,97.8,0.537,11.7,0.188,34.9,7.2,3.7,20.0,41.1,0.47,11.8,0.346,29.2,0.549,16.5,21.7,9.7,25.4,12.8,110.4
2022,Detroit Pistons,DET,23.6,23.0,59.0,113.8,98.4,0.541,13.1,0.226,32.0,7.7,4.8,21.9,40.6,0.473,11.8,0.362,28.9,0.54,19.5,25.1,10.3,25.1,14.6,112.5
2022,Golden State Warriors,GSW,27.6,53.0,29.0,106.9,98.4,0.509,13.0,0.201,35.7,8.8,4.5,21.0,37.9,0.438,12.2,0.339,25.7,0.509,17.4,22.9,9.7,22.9,14.5,105.5
2022,Houston Rockets,HOU,24.1,20.0,62.0,116.7,100.9,0.554,12.3,0.206,32.4,7.3,4.7,20.6,43.4,0.483,12.8,0.353,30.7,0.57,18.5,23.7,11.2,25.6,14.1,118.2
2022,Indiana Pacers,IND,26.0,25.0,57.0,116.1,98.0,0.552,11.9,0.204,32.6,7.1,5.6,20.4,42.5,0.483,12.0,0.372,30.5,0.547,17.9,22.5,10.2,25.1,13.3,114.9
2022,Los Angeles Clippers,LAC,27.5,42.0,40.0,110.1,98.0,0.514,12.0,0.167,34.9,7.4,5.0,18.6,40.8,0.45,11.7,0.345,29.1,0.513,15.2,19.6,12.0,24.1,13.6,108.4
2022,Los Angeles Lakers,LAL,30.2,33.0,49.0,113.3,100.1,0.54,12.2,0.192,34.5,7.6,5.2,20.2,42.6,0.47,12.6,0.352,30.0,0.548,17.4,23.3,11.0,26.3,14.0,115.1
2022,Memphis Grizzlies,MEM,24.0,56.0,26.0,109.0,100.3,0.523,13.3,0.195,35.0,9.8,6.5,19.8,40.3,0.455,12.0,0.349,28.3,0.522,17.3,22.4,10.0,25.0,15.1,109.9
2022,Miami Heat,MIA,28.2,53.0,29.0,109.1,95.9,0.524,13.8,0.209,33.9,7.4,3.2,20.5,37.5,0.447,13.0,0.339,24.6,0.537,17.5,22.5,9.5,23.3,15.0,105.6
2022,Milwaukee Bucks,MIL,28.5,51.0,31.0,111.8,99.9,0.536,11.6,0.165,36.5,7.6,4.0,18.2,41.4,0.456,14.5,0.356,26.9,0.537,15.0,19.9,9.9,25.9,13.0,112.1
2022,Minnesota Timberwolves,MIN,24.2,46.0,36.0,111.7,100.9,0.535,14.2,0.227,32.9,8.8,5.6,21.8,40.2,0.46,13.1,0.35,27.2,0.543,19.8,25.4,11.0,26.2,16.3,113.3
2022,New Orleans Pelicans,NOP,25.6,36.0,46.0,113.0,97.2,0.547,13.0,0.196,33.2,8.3,4.0,19.7,40.3,0.471,13.0,0.365,27.3,0.546,16.8,21.4,9.3,24.9,14.2,110.3
2022,New York Knicks,NYK,26.0,37.0,45.0,110.5,95.9,0.521,11.7,0.198,34.6,7.0,4.9,20.4,38.5,0.447,12.7,0.342,25.8,0.527,17.0,22.3,9.3,24.2,12.7,106.6
2022,Oklahoma City Thunder,OKC,22.4,24.0,58.0,112.8,98.5,0.533,11.8,0.169,35.2,7.6,4.6,18.3,41.4,0.458,13.6,0.353,27.8,0.536,15.3,19.9,11.0,26.1,13.2,111.8
2022,Orlando Magic,ORL,23.3,22.0,60.0,112.5,99.2,0.532,11.7,0.196,35.2,6.8,4.5,19.7,40.8,0.458,13.2,0.363,27.6,0.524,17.4,22.6,10.4,24.8,13.2,112.2
2022,Philadelphia 76ers,PHI,26.8,51.0,31.0,110.8,96.2,0.524,12.1,0.192,33.8,7.7,5.3,19.4,39.7,0.458,11.4,0.346,28.3,0.527,16.6,21.6,10.2,23.6,13.3,107.3
2022,Phoenix Suns,PHO,27.5,64.0,18.0,107.3,99.8,0.51,13.0,0.195,35.5,8.6,4.4,19.9,39.2,0.444,11.6,0.34,27.6,0.51,17.3,22.7,10.5,22.9,14.7,107.3
2022,Portland Trail Blazers,POR,25.6,27.0,55.0,116.9,98.3,0.559,12.7,0.222,32.5,8.0,4.5,21.1,41.1,0.479,13.8,0.371,27.4,0.561,19.1,24.6,9.8,26.6,14.0,115.1
2022,Sacramento Kings,SAC,25.8,30.0,52.0,115.3,99.8,0.551,11.9,0.176,33.4,7.2,4.5,18.9,43.4,0.479,13.0,0.372,30.4,0.547,15.9,20.5,10.6,25.3,13.5,115.8
2022,San Antonio Spurs,SAS,24.5,34.0,48.0,112.3,100.0,0.532,12.1,0.176,34.3,7.6,4.9,18.1,42.5,0.466,12.1,0.36,30.4,0.528,16.0,20.9,11.4,24.0,13.8,113.0
2022,Toronto Raptors,TOR,24.8,48.0,34.0,110.5,96.0,0.535,14.4,0.199,32.0,9.0,4.6,19.6,39.0,0.462,12.4,0.354,26.6,0.538,16.8,21.2,10.3,25.3,15.8,107.1
2022,Utah Jazz,UTA,29.3,49.0,33.0,110.5,97.1,0.521,10.9,0.164,35.6,7.2,4.9,18.9,40.4,0.453,12.1,0.35,28.3,0.518,14.6,19.3,9.9,23.4,12.0,107.6
2022,Washington Wizards,WAS,25.9,35.0,47.0,114.5,97.0,0.529,10.7,0.202,34.1,6.4,5.0,18.8,41.3,0.464,11.5,0.361,29.8,0.522,18.0,22.3,10.2,23.7,11.9,112.0
2023,Atlanta Hawks,ATL,24.9,41.0,41.0,116.3,100.7,0.552,12.4,0.206,33.2,7.1,4.9,18.8,43.8,0.486,11.9,0.356,31.9,0.562,18.6,23.2,10.6,26.0,14.2,118.1
2023,Boston Celtics,BOS,27.4,57.0,25.0,111.5,98.5,0.528,11.3,0.18,35.6,6.4,5.2,18.8,41.8,0.463,11.6,0.345,30.1,0.534,16.2,21.1,9.7,23.1,12.7,111.4
2023,Brooklyn Nets,BRK,28.0,45.0,37.0,114.1,98.3,0.53,12.2,0.212,32.3,7.1,6.2,21.1,41.0,0.463,11.8,0.367,29.2,0.518,18.7,24.4,11.5,23.4,13.7,112.5
2023,Charlotte Hornets,CHO,25.3,27.0,55.0,115.3,100.8,0.544,12.5,0.211,33.5,7.7,5.2,20.3,43.0,0.477,12.2,0.357,30.7,0.55,19.0,24.0,10.9,25.9,14.4,117.2
2023,Chicago Bulls,CHI,27.5,40.0,42.0,112.2,98.5,0.544,13.5,0.197,33.9,7.9,4.5,18.9,40.7,0.468,13.2,0.357,27.5,0.55,17.1,22.0,9.6,26.0,15.0,111.8
2023,Cleveland Cavaliers,CLE,25.4,51.0,31.0,110.6,95.7,0.535,14.4,0.21,31.4,7.1,4.7,19.0,39.0,0.468,11.3,0.368,27.8,0.525,17.5,22.4,9.8,23.0,15.7,106.9
2023,Dallas Mavericks,DAL,27.8,38.0,44.0,116.7,96.6,0.549,11.9,0.226,31.2,6.3,3.7,20.7,41.8,0.485,11.1,0.352,30.6,0.562,19.5,25.0,10.1,24.9,13.1,114.1
2023,Denver Nuggets,DEN,26.6,53.0,29.0,114.2,98.1,0.543,12.2,0.201,32.9,7.5,4.5,18.6,41.7,0.478,11.4,0.344,30.4,0.559,17.6,22.7,10.1,25.7,13.5,112.5
2023,Detroit Pistons,DET,24.1,17.0,65.0,118.9,99.0,0.557,11.9,0.231,31.3,7.0,3.8,22.1,43.1,0.489,12.0,0.36,31.1,0.568,20.4,26.2,11.0,25.8,13.5,118.5
2023,Golden State Warriors,GSW,27.3,44.0,38.0,114.4,101.6,0.54,12.3,0.214,34.1,7.2,3.9,21.4,42.4,0.469,12.9,0.364,29.5,0.536,19.4,25.2,10.7,25.7,14.3,117.1
2023,Houston Rockets,HOU,22.1,22.0,60.0,119.3,99.0,0.564,11.7,0.218,32.9,7.3,4.6,20.5,42.4,0.482,14.5,0.374,27.9,0.567,19.2,24.2,10.5,26.1,13.1,118.6
2023,Indiana Pacers,IND,24.5,35.0,47.0,117.7,101.1,0.554,13.0,0.229,31.4,7.7,5.8,21.2,43.3,0.485,12.4,0.373,30.9,0.551,20.5,25.6,12.1,26.4,15.1,119.5
2023,Los Angeles Clippers,LAC,29.7,44.0,38.0,114.5,98.0,0.543,11.7,0.195,33.4,7.1,4.4,19.5,41.8,0.474,12.2,0.365,29.6,0.539,17.2,22.3,10.2,25.0,13.0,113.1
2023,Los Angeles Lakers,LAL,27.9,43.0,39.0,113.9,101.3,0.535,10.9,0.171,35.7,6.4,4.6,17.9,44.0,0.469,12.5,0.344,31.5,0.548,16.1,20.8,11.1,25.7,12.6,116.6
2023,Memphis Grizzlies,MEM,24.4,51.0,31.0,111.2,101.1,0.526,13.1,0.206,34.6,8.3,5.8,20.0,40.7,0.453,13.0,0.355,27.7,0.521,18.5,23.5,11.0,26.4,15.1,113.0
2023,Miami Heat,MIA,27.7,44.0,38.0,113.3,96.3,0.561,14.5,0.198,30.9,8.0,3.0,18.5,40.1,0.482,13.1,0.367,27.0,0.569,16.5,21.1,8.9,25.6,15.7,109.8
2023,Milwaukee Bucks,MIL,29.8,58.0,24.0,111.9,100.5,0.52,10.4,0.175,37.5,6.4,4.9,18.1,42.5,0.456,12.1,0.354,30.4,0.514,16.3,21.0,10.7,23.9,11.8,113.3
2023,Minnesota Timberwolves,MIN,25.8,42.0,40.0,113.8,101.0,0.54,13.3,0.225,32.8,8.0,5.4,21.6,41.8,0.471,12.3,0.369,29.5,0.532,19.9,26.0,11.3,25.0,15.4,115.8
2023,New Orleans Pelicans,NOP,25.9,42.0,40.0,112.5,99.1,0.543,13.4,0.212,33.1,8.3,4.1,20.5,40.9,0.472,12.2,0.339,28.7,0.567,18.4,23.6,9.7,24.9,15.0,112.5
2023,New York Knicks,NYK,24.5,47.0,35.0,114.8,97.1,0.536,11.4,0.21,34.0,6.4,4.1,20.3,40.8,0.462,13.0,0.357,27.7,0.537,18.5,23.7,10.1,25.1,12.7,113.1
2023,Oklahoma City Thunder,OKC,22.8,40.0,42.0,114.2,101.1,0.547,14.4,0.222,32.3,8.2,4.2,21.0,41.9,0.474,12.9,0.358,29.0,0.553,19.6,25.5,12.0,25.9,16.8,116.4
2023,Orlando Magic,ORL,23.1,34.0,48.0,114.2,99.3,0.55,13.1,0.211,33.1,7.4,4.7,20.1,41.3,0.476,13.0,0.351,28.4,0.567,18.3,23.0,9.5,25.9,14.7,114.0
2023,Philadelphia 76ers,PHI,28.2,54.0,28.0,113.3,96.9,0.541,13.0,0.217,32.2,7.7,4.7,20.4,40.4,0.473,11.6,0.348,28.8,0.553,18.5,23.7,9.5,24.2,14.3,110.9
2023,Phoenix Suns,PHO,28.1,45.0,37.0,113.0,98.2,0.532,12.9,0.234,32.4,7.1,5.3,21.2,40.0,0.466,11.4,0.357,28.6,0.53,20.1,25.6,10.2,23.4,14.4,111.6
2023,Portland Trail Blazers,POR,25.1,33.0,49.0,118.8,98.6,0.563,12.1,0.217,31.1,6.7,4.6,20.0,43.0,0.491,12.5,0.379,30.4,0.559,19.0,24.1,10.5,27.0,13.5,117.4
2023,Sacramento Kings,SAC,25.4,48.0,34.0,116.8,100.3,0.563,12.6,0.203,32.9,7.0,3.4,19.7,43.8,0.492,12.5,0.373,31.3,0.564,18.1,23.0,9.7,26.7,14.2,118.1
2023,San Antonio Spurs,SAS,23.9,22.0,60.0,120.0,101.6,0.576,12.0,0.201,31.9,7.0,3.9,19.9,46.1,0.507,12.6,0.391,33.5,0.571,18.2,23.7,10.7,26.8,13.8,123.1
2023,Toronto Raptors,TOR,25.8,41.0,41.0,114.0,97.1,0.565,15.3,0.223,30.3,9.4,5.2,20.0,40.4,0.491,12.2,0.374,28.2,0.567,18.4,23.1,9.2,26.2,16.7,111.4
2023,Utah Jazz,UTA,26.5,37.0,45.0,116.7,100.5,0.541,10.9,0.205,34.1,6.1,5.2,20.5,43.4,0.473,12.5,0.361,30.9,0.54,18.8,24.3,11.2,25.0,12.6,118.0
2023,Washington Wizards,WAS,26.2,35.0,47.0,115.6,98.5,0.54,11.0,0.195,34.2,6.8,5.2,18.8,42.5,0.473,12.0,0.366,30.5,0.534,17.5,21.9,10.8,24.8,12.3,114.4
2024,Atlanta Hawks,ATL,26.2,36.0,46.0,119.4,100.1,0.572,12.4,0.192,32.2,7.5,4.5,18.6,44.6,0.495,14.0,0.384,30.6,0.57,17.3,21.8,10.6,28.2,14.1,120.5
2024,Boston Celtics,BOS,28.2,64.0,18.0,111.6,97.2,0.523,10.8,0.145,35.6,6.8,6.6,16.2,41.5,0.453,12.9,0.352,28.6,0.52,13.3,17.3,11.1,24.9,12.0,109.2
2024,Brooklyn Nets,BRK,26.1,32.0,50.0,116.1,96.9,0.543,11.4,0.193,32.6,6.8,5.2,18.5,41.6,0.47,13.0,0.372,28.6,0.534,17.1,21.2,10.3,25.5,12.6,113.3
2024,Charlotte Hornets,CHO,25.1,21.0,61.0,119.8,97.3,0.572,12.3,0.188,31.0,6.9,4.5,18.0,43.4,0.494,13.6,0.377,29.7,0.577,16.5,20.7,10.6,28.7,13.6,116.8
2024,Chicago Bulls,CHI,28.1,39.0,43.0,116.3,96.3,0.556,12.7,0.195,32.6,7.8,4.8,18.8,41.1,0.473,14.6,0.37,26.5,0.558,16.9,21.8,10.1,27.9,14.0,113.7
2024,Cleveland Cavaliers,CLE,26.2,48.0,34.0,112.7,97.2,0.535,12.3,0.19,33.4,7.4,4.6,17.5,40.5,0.463,12.5,0.371,28.0,0.521,16.6,21.0,10.0,25.3,13.6,110.2
2024,Dallas Mavericks,DAL,26.5,50.0,32.0,115.4,100.1,0.548,12.1,0.184,33.2,6.9,5.0,18.3,43.0,0.475,13.1,0.368,29.8,0.545,16.6,21.6,10.9,27.5,13.7,115.6
2024,Denver Nuggets,DEN,27.1,57.0,25.0,113.0,96.8,0.526,11.2,0.195,33.7,7.1,5.6,18.2,40.6,0.462,11.2,0.355,29.4,0.522,17.1,22.2,10.9,25.7,12.4,109.6
2024,Detroit Pistons,DET,23.8,14.0,68.0,118.8,99.8,0.558,11.1,0.221,32.8,6.5,4.7,20.6,43.6,0.49,12.1,0.37,31.5,0.56,19.6,24.5,9.6,27.0,12.4,119.0
2024,Golden State Warriors,GSW,28.4,46.0,36.0,115.2,99.2,0.539,11.5,0.195,34.6,7.0,4.6,19.5,42.1,0.466,13.3,0.359,28.8,0.539,17.7,22.4,10.9,26.7,13.0,115.2
2024,Houston Rockets,HOU,25.1,41.0,41.0,113.4,99.0,0.533,12.2,0.219,34.0,7.8,4.6,20.8,40.8,0.463,12.3,0.348,28.4,0.54,19.3,25.2,10.7,24.4,13.8,113.2
2024,Indiana Pacers,IND,25.3,47.0,35.0,118.0,101.7,0.556,12.1,0.228,31.4,7.7,5.9,21.4,44.5,0.496,10.7,0.365,33.9,0.56,20.5,26.0,11.0,24.6,13.9,120.2
2024,Los Angeles Clippers,LAC,30.4,51.0,31.0,115.4,97.2,0.541,11.7,0.183,32.9,7.8,5.0,18.5,41.6,0.468,12.9,0.363,28.8,0.538,16.2,21.0,11.1,26.4,13.0,112.3
2024,Los Angeles Lakers,LAL,28.0,47.0,35.0,115.3,100.9,0.55,11.7,0.153,34.9,7.4,5.5,15.6,44.4,0.474,14.3,0.376,30.2,0.54,14.3,18.0,10.9,28.2,13.4,117.4
2024,Memphis Grizzlies,MEM,24.4,27.0,55.0,114.3,98.2,0.551,13.5,0.195,31.7,8.2,6.1,19.1,41.2,0.474,13.4,0.378,27.8,0.541,17.0,21.8,10.7,26.6,15.1,112.8
2024,Miami Heat,MIA,28.0,46.0,36.0,112.2,96.2,0.543,12.7,0.174,33.0,7.5,3.4,17.3,40.2,0.467,13.0,0.353,27.2,0.553,15.0,19.2,9.2,26.5,13.7,108.4
2024,Milwaukee Bucks,MIL,30.2,49.0,33.0,115.8,99.9,0.539,10.6,0.189,34.8,6.8,5.0,19.2,43.2,0.47,12.6,0.356,30.6,0.541,17.4,21.5,10.3,26.5,12.0,116.4
2024,Minnesota Timberwolves,MIN,27.2,56.0,26.0,109.0,97.1,0.515,12.9,0.197,34.2,7.9,6.1,18.8,39.0,0.45,11.4,0.354,27.6,0.506,17.1,21.9,10.3,24.5,14.2,106.5
2024,New Orleans Pelicans,NOP,26.0,49.0,33.0,112.9,97.9,0.541,12.9,0.186,33.6,8.3,4.6,18.4,40.5,0.464,13.5,0.349,26.9,0.555,16.2,20.7,10.1,26.8,14.2,110.7
2024,New York Knicks,NYK,26.4,50.0,32.0,113.4,95.2,0.543,12.3,0.176,32.5,7.5,4.1,17.6,40.3,0.47,12.5,0.365,27.8,0.54,15.1,19.8,10.2,25.6,13.2,108.2
2024,Oklahoma City Thunder,OKC,23.4,57.0,25.0,112.1,99.8,0.53,13.6,0.202,33.2,8.5,6.6,18.8,40.6,0.455,13.4,0.361,27.2,0.522,18.1,22.9,11.8,26.9,15.7,112.7
2024,Orlando Magic,ORL,24.0,47.0,35.0,111.3,96.9,0.543,13.8,0.206,31.8,8.2,5.2,19.7,39.8,0.474,11.5,0.358,28.3,0.546,17.3,22.2,8.9,23.9,15.0,108.4
2024,Philadelphia 76ers,PHI,28.4,47.0,35.0,113.8,97.5,0.537,13.1,0.215,31.9,8.5,6.0,20.3,40.5,0.468,11.9,0.354,28.6,0.541,18.6,23.5,11.0,26.1,14.6,111.5
2024,Phoenix Suns,PHO,29.3,49.0,33.0,114.6,98.3,0.536,11.3,0.178,33.9,7.4,6.0,18.0,42.0,0.464,13.1,0.364,28.9,0.529,16.1,20.8,11.0,26.3,12.7,113.2
2024,Portland Trail Blazers,POR,24.1,21.0,61.0,117.5,97.2,0.558,12.8,0.216,30.1,7.6,4.3,20.2,42.5,0.491,11.7,0.351,30.8,0.578,18.7,23.6,10.6,27.1,14.3,115.4
2024,Sacramento Kings,SAC,26.4,46.0,36.0,115.2,98.8,0.555,12.5,0.213,33.2,7.6,4.2,19.9,41.6,0.48,13.1,0.387,28.5,0.539,18.5,23.1,9.1,26.9,13.9,114.8
2024,San Antonio Spurs,SAS,23.0,22.0,60.0,116.4,101.1,0.555,11.7,0.174,33.9,7.1,6.3,17.2,44.9,0.487,12.7,0.373,32.2,0.553,16.0,20.5,10.5,28.0,13.4,118.6
2024,Toronto Raptors,TOR,25.9,25.0,57.0,118.8,99.4,0.566,12.2,0.172,31.8,7.7,4.7,18.4,44.7,0.491,13.7,0.376,31.1,0.567,15.6,19.8,11.2,28.6,13.9,118.8
2024,Utah Jazz,UTA,25.1,31.0,51.0,120.4,99.5,0.567,10.9,0.182,33.2,6.5,5.6,18.6,44.6,0.487,14.8,0.395,29.8,0.55,16.6,21.6,11.0,29.8,12.3,120.5
2024,Washington Wizards,WAS,24.9,15.0,67.0,119.6,102.7,0.562,12.0,0.201,31.9,7.6,5.1,20.0,46.1,0.496,12.3,0.362,33.8,0.573,18.6,24.0,12.1,29.0,14.0,123.0
2025,Atlanta Hawks,ATL,25.0,27.0,33.0,115.0,103.2,0.561,14.1,0.196,33.1,9.9,5.1,18.8,43.7,0.482,14.3,0.373,29.4,0.562,17.8,22.1,10.3,28.5,16.5,119.5
2025,Boston Celtics,BOS,28.9,42.0,18.0,110.9,96.8,0.522,11.8,0.162,34.0,7.3,5.6,16.3,40.6,0.452,12.6,0.346,28.0,0.524,14.5,18.3,10.5,24.1,13.1,108.3
2025,Brooklyn Nets,BRK,25.0,21.0,38.0,115.2,96.1,0.557,14.0,0.215,30.2,7.9,4.4,20.6,40.1,0.479,13.1,0.366,27.1,0.563,18.0,23.2,10.0,26.6,15.3,111.3
2025,Charlotte Hornets,CHO,25.2,14.0,44.0,114.8,97.7,0.543,12.7,0.192,32.8,8.1,4.6,19.2,41.1,0.466,13.5,0.347,27.6,0.562,16.9,21.7,11.1,26.8,14.2,112.8
2025,Chicago Bulls,CHI,25.4,24.0,36.0,116.3,102.9,0.542,10.8,0.179,35.4,7.6,4.7,17.7,44.9,0.471,13.6,0.345,31.3,0.56,17.0,21.5,11.2,29.1,12.7,120.3
2025,Cleveland Cavaliers,CLE,26.7,49.0,10.0,111.4,99.9,0.527,12.8,0.18,34.4,8.2,4.4,18.4,40.9,0.454,13.2,0.361,27.7,0.517,16.2,21.0,11.3,25.3,14.6,111.3
2025,Dallas Mavericks,DAL,27.6,32.0,28.0,113.9,99.0,0.527,11.8,0.18,33.4,8.0,6.0,18.5,41.9,0.457,12.8,0.357,29.1,0.522,16.5,21.4,12.4,26.6,13.5,113.1
2025,Denver Nuggets,DEN,26.9,39.0,21.0,114.9,100.3,0.537,11.5,0.172,34.8,8.2,4.7,17.6,43.1,0.463,13.9,0.36,29.2,0.535,16.0,20.6,11.7,29.2,13.3,116.1
2025,Detroit Pistons,DET,25.7,33.0,27.0,113.0,99.6,0.545,13.3,0.205,33.8,8.1,5.0,20.2,40.7,0.465,14.0,0.373,26.8,0.534,17.9,23.3,10.1,25.4,15.0,113.4
2025,Golden State Warriors,GSW,28.5,32.0,27.0,111.9,99.1,0.538,13.6,0.192,33.1,9.0,5.0,19.5,40.5,0.462,13.2,0.358,27.3,0.538,16.9,21.7,10.6,25.9,15.3,111.1
2025,Houston Rockets,HOU,24.8,37.0,22.0,109.6,98.7,0.522,13.0,0.19,33.6,8.6,5.1,19.6,40.0,0.453,12.1,0.349,27.9,0.52,16.7,22.4,10.8,22.8,14.6,108.8
2025,Indiana Pacers,IND,25.7,33.0,25.0,115.0,99.8,0.548,13.2,0.198,32.2,8.6,5.2,19.0,42.4,0.475,13.0,0.359,29.3,0.555,17.6,22.6,11.2,26.7,15.0,115.4
2025,Los Angeles Clippers,LAC,29.3,32.0,27.0,110.0,98.2,0.537,14.1,0.192,33.3,9.8,4.5,18.6,39.4,0.459,13.3,0.352,26.1,0.544,16.5,21.4,10.1,25.3,15.6,108.6
2025,Los Angeles Lakers,LAL,28.0,37.0,21.0,113.5,97.9,0.535,12.5,0.173,33.1,7.8,4.8,16.7,41.2,0.461,13.4,0.351,27.9,0.542,15.5,19.6,11.1,27.3,14.0,111.3
2025,Memphis Grizzlies,MEM,24.7,38.0,21.0,111.8,104.0,0.528,13.1,0.203,34.4,8.9,5.9,21.2,41.9,0.453,13.9,0.351,28.1,0.529,18.8,24.7,12.0,26.8,15.6,116.5
2025,Miami Heat,MIA,26.9,28.0,30.0,113.3,96.4,0.541,12.3,0.158,34.1,7.9,3.8,15.7,41.4,0.464,13.8,0.36,27.6,0.542,14.1,18.0,11.0,27.0,13.6,110.8
2025,Milwaukee Bucks,MIL,29.6,33.0,25.0,112.6,99.7,0.526,11.5,0.182,35.4,7.3,4.9,18.4,41.1,0.451,13.7,0.35,27.4,0.527,16.6,20.9,11.2,25.9,13.0,112.4
2025,Minnesota Timberwolves,MIN,27.2,32.0,29.0,111.5,97.4,0.53,13.2,0.181,33.0,8.0,4.9,18.2,40.3,0.458,12.7,0.35,27.6,0.533,15.9,20.5,11.2,24.6,14.8,109.2
2025,New Orleans Pelicans,NOP,26.0,16.0,44.0,118.8,99.4,0.561,12.7,0.18,31.4,9.1,5.5,18.1,43.8,0.481,14.7,0.367,29.1,0.57,16.4,20.8,12.0,28.8,14.6,118.7
2025,New York Knicks,NYK,27.4,39.0,20.0,115.1,97.4,0.55,12.7,0.173,32.1,7.9,3.9,16.9,42.0,0.474,13.6,0.377,28.4,0.541,15.3,19.2,11.0,26.0,14.2,112.9
2025,Oklahoma City Thunder,OKC,24.7,48.0,11.0,106.4,99.7,0.508,15.6,0.222,33.6,10.8,5.6,20.5,37.1,0.432,12.9,0.334,24.3,0.513,19.1,24.8,12.1,24.4,17.9,106.2
2025,Orlando Magic,ORL,24.9,29.0,32.0,109.5,96.3,0.542,15.2,0.227,30.6,9.0,6.2,20.4,38.0,0.471,11.4,0.368,26.7,0.535,18.3,23.8,8.6,23.0,16.4,105.8
2025,Philadelphia 76ers,PHI,28.2,20.0,38.0,116.5,96.7,0.568,15.0,0.204,29.2,9.4,4.1,19.6,41.2,0.487,13.7,0.37,27.6,0.578,17.3,21.6,10.7,27.5,16.6,113.4
2025,Phoenix Suns,PHO,29.3,28.0,32.0,117.8,97.5,0.541,10.9,0.191,33.4,7.4,5.1,18.2,42.3,0.464,13.9,0.361,28.4,0.54,17.4,22.2,12.3,26.8,12.4,115.9
2025,Portland Trail Blazers,POR,24.0,27.0,33.0,115.2,98.9,0.544,13.5,0.21,31.2,8.1,5.5,19.6,41.5,0.472,12.7,0.359,28.8,0.547,18.5,23.2,12.0,26.1,15.3,114.1
2025,Sacramento Kings,SAC,27.7,30.0,28.0,114.9,99.3,0.549,12.6,0.2,34.0,7.8,4.7,19.1,41.6,0.467,14.6,0.376,27.0,0.537,17.8,22.4,10.1,27.0,14.3,115.6
2025,San Antonio Spurs,SAS,25.9,24.0,33.0,114.8,99.4,0.537,11.9,0.154,33.7,8.2,6.4,16.5,43.3,0.464,13.6,0.355,29.7,0.541,14.4,18.3,12.4,26.6,13.7,114.5
2025,Toronto Raptors,TOR,24.7,18.0,42.0,116.3,99.2,0.547,12.8,0.223,32.2,7.8,4.4,21.3,41.6,0.471,13.5,0.353,28.2,0.56,19.7,25.5,11.4,26.2,14.6,116.4
2025,Utah Jazz,UTA,24.3,15.0,44.0,119.4,99.2,0.555,10.4,0.188,33.5,6.6,4.7,19.0,43.7,0.475,14.7,0.361,28.9,0.567,17.3,22.6,11.3,29.0,11.8,119.3
2025,Washington Wizards,WAS,23.8,10.0,48.0,119.1,101.4,0.552,11.5,0.209,33.2,7.5,5.1,20.6,43.8,0.474,14.3,0.367,29.4,0.552,19.3,24.3,12.3,28.7,13.4,121.2
